datetime,lat,lon,depth,magnitude
1901-03-01 00:00:01.000,38.20000,27.70000,5.00,5.00
1903-04-04 00:00:00.000,39.00000,28.00000,20.00,5.60
1904-05-19 10:02:00.000,38.40000,27.20000,20.00,5.50
1904-08-18 20:07:00.000,38.00000,27.00000,30.00,6.00
1904-10-10 17:40:00.000,38.40000,27.20000,20.00,5.80
1904-10-22 00:00:00.000,38.00000,27.00000,30.00,4.80
1905-01-11 17:32:00.000,39.60000,27.90000,15.00,5.30
1908-04-12 00:00:00.000,38.20000,27.70000,9.00,5.50
1908-06-23 14:16:04.200,38.40000,27.20000,27.00,5.40
1908-06-23 14:45:00.000,38.40000,27.20000,25.00,5.30
1908-06-23 16:07:00.000,38.40000,27.20000,38.00,5.30
1909-01-19 04:57:00.000,38.00000,26.50000,60.00,6.00
1909-10-29 16:04:04.200,38.00000,27.00000,20.00,5.50
1916-04-26 15:56:01.000,39.20000,27.00000,10.00,4.30
1916-08-17 20:22:00.000,38.20000,26.20000,10.00,4.90
1917-08-08 03:41:10.000,39.00000,27.00000,15.00,4.70
1918-01-16 07:13:28.500,38.34000,29.48000,10.00,5.80
1919-11-18 21:54:50.300,39.26000,26.71000,10.00,6.70
1920-11-27 16:26:20.000,39.30000,26.50000,14.00,5.20
1921-07-24 19:20:00.000,38.80000,26.50000,22.00,5.40
1923-07-23 03:40:00.000,38.50000,26.00000,16.00,4.80
1923-09-11 10:14:48.000,38.00000,29.50000,22.00,4.80
1924-01-22 11:05:44.100,39.51000,28.40000,80.00,5.50
1924-04-14 00:00:00.000,39.00000,27.80000,15.00,4.90
1924-12-22 17:49:42.000,39.60000,27.70000,15.00,5.50
1925-04-29 20:03:40.000,39.60000,27.70000,15.00,4.80
1925-07-18 13:22:01.000,38.00000,27.00000,15.00,4.50
1925-07-18 16:25:01.000,38.00000,27.00000,15.00,4.30
1925-08-05 05:01:00.000,38.10000,29.80000,30.00,5.30
1925-08-07 06:46:37.000,38.10000,29.80000,20.00,5.90
1925-08-19 05:13:04.000,38.10000,29.80000,5.00,4.90
1925-09-03 09:52:00.000,38.00000,29.00000,15.00,4.70
1926-01-13 01:47:04.400,38.64000,28.11000,50.00,5.80
1926-01-13 08:08:44.100,38.53000,28.19000,10.00,5.80
1928-03-31 00:29:48.900,38.18000,27.80000,10.00,6.30
1928-03-31 01:15:01.000,38.10000,27.40000,15.00,5.00
1928-03-31 05:12:24.000,38.10000,27.40000,30.00,5.40
1928-04-02 00:00:01.000,38.10000,27.40000,15.00,4.40
1928-04-13 00:00:01.000,38.00000,28.00000,15.00,4.40
1928-05-02 21:54:32.200,39.64000,29.14000,10.00,6.00
1928-07-15 09:33:32.800,38.05000,27.32000,10.00,5.60
1929-05-08 12:27:30.000,38.00000,29.50000,15.00,4.70
1929-08-19 23:17:05.100,38.00000,29.50000,15.00,4.40
1930-01-23 03:24:01.000,38.50000,26.00000,5.00,4.30
1930-09-07 10:56:23.000,38.60000,26.20000,8.00,4.70
1931-04-26 06:24:55.000,38.50000,26.20000,10.00,4.80
1931-07-12 22:24:19.600,39.15000,26.34000,10.00,5.40
1933-05-21 20:45:01.500,38.20000,26.00000,5.00,4.80
1933-07-19 20:07:09.800,38.19000,29.79000,40.00,5.80
1934-07-14 05:40:48.000,39.50000,26.00000,10.00,4.50
1936-08-02 22:41:04.300,38.11000,29.65000,10.00,4.90
1937-05-23 10:57:30.200,38.69000,27.78000,10.00,5.50
1939-07-25 03:40:28.500,39.75000,29.52000,50.00,5.40
1939-07-31 13:32:48.400,39.80000,29.60000,10.00,4.90
1939-08-02 13:06:17.400,39.75000,29.48000,50.00,5.50
1939-08-03 12:32:54.500,39.75000,29.68000,50.00,5.60
1939-08-09 23:43:51.200,39.91000,29.81000,60.00,5.30
1939-09-15 23:16:31.100,39.76000,29.56000,20.00,5.80
1939-09-22 00:36:36.600,39.07000,26.94000,10.00,6.40
1939-10-19 21:32:47.800,39.82000,29.50000,10.00,5.50
1940-10-21 18:23:01.000,38.50000,27.20000,20.00,4.30
1941-01-09 18:13:34.100,38.03000,27.40000,70.00,5.40
1942-02-05 01:15:58.500,38.84000,27.74000,10.00,5.50
1942-08-12 20:38:46.400,39.13000,27.64000,50.00,4.90
1942-08-12 21:52:46.000,39.10000,27.70000,17.00,4.90
1942-10-28 00:31:51.700,39.27000,28.19000,10.00,5.50
1942-10-28 02:22:53.100,39.10000,27.80000,50.00,6.00
1942-10-28 02:41:52.900,39.46000,27.79000,10.00,5.60
1942-11-15 17:01:22.900,39.55000,28.58000,10.00,6.00
1943-04-14 08:15:40.900,39.62000,29.64000,40.00,5.30
1943-07-09 05:21:01.000,38.60000,26.50000,15.00,4.50
1944-06-25 04:16:25.600,38.79000,29.31000,40.00,6.00
1944-06-25 06:57:49.500,38.97000,29.87000,40.00,5.60
1944-10-06 02:34:48.700,39.48000,26.56000,40.00,6.50
1944-10-06 07:28:26.200,39.37000,26.06000,40.00,5.20
1944-10-07 21:34:25.400,39.22000,26.58000,10.00,5.40
1945-10-09 03:14:01.000,38.00000,26.00000,15.00,4.60
1948-01-13 14:30:24.000,38.10000,28.80000,30.00,4.90
1948-08-10 13:27:09.400,38.48000,28.94000,80.00,5.20
1949-01-04 20:30:00.000,38.90000,27.90000,14.00,4.70
1949-02-05 00:28:22.400,39.89000,29.35000,40.00,5.30
1949-05-21 17:41:12.000,38.60000,26.30000,8.00,4.90
1949-07-23 15:03:33.200,38.57000,26.29000,10.00,6.40
1949-07-30 17:47:12.900,38.62000,26.45000,40.00,4.90
1949-08-01 15:29:01.000,38.60000,26.30000,5.00,4.90
1949-08-22 00:00:01.000,38.50000,26.30000,5.00,4.40
1949-11-23 16:51:05.400,38.75000,26.36000,60.00,5.40
1950-05-03 07:13:48.300,38.67000,27.06000,40.00,5.20
1950-11-28 17:53:23.700,39.73000,28.05000,40.00,5.30
1952-01-26 02:50:00.000,39.10000,26.90000,30.00,4.80
1952-03-19 01:27:28.600,39.60000,28.64000,40.00,5.50
1953-03-18 19:06:16.100,39.99000,27.36000,10.00,6.80
1953-03-18 21:18:09.900,39.96000,27.59000,30.00,5.50
1953-03-19 21:13:58.100,39.88000,27.35000,10.00,5.30
1953-03-26 15:10:30.400,39.94000,27.48000,10.00,4.90
1953-04-01 01:47:38.600,39.97000,27.45000,20.00,4.80
1953-04-13 23:15:18.000,38.00000,27.00000,5.00,4.70
1953-05-01 20:06:45.100,38.41000,26.75000,70.00,5.00
1953-05-02 05:41:55.900,38.48000,26.67000,40.00,5.20
1953-05-02 10:06:43.000,38.70000,26.50000,25.00,4.70
1953-05-02 18:37:44.300,38.51000,26.55000,60.00,5.30
1953-05-14 13:00:24.000,38.70000,26.50000,24.00,4.90
1953-06-09 16:28:02.500,39.34000,28.21000,20.00,4.60
1953-07-22 15:09:37.700,39.24000,28.43000,10.00,5.40
1956-07-18 09:46:52.500,39.96000,27.30000,60.00,4.70
1956-11-20 23:21:00.800,39.36000,26.40000,70.00,5.50
1957-10-11 07:33:04.600,39.32000,28.19000,10.00,5.20
1958-09-03 02:58:38.200,38.27000,28.19000,10.00,4.80
1959-11-19 14:01:31.500,38.89000,26.65000,10.00,5.50
1961-08-24 13:29:33.300,39.41000,27.99000,10.00,4.30
1961-11-28 08:58:46.600,39.99000,26.10000,80.00,5.40
1962-09-14 00:33:26.400,39.57000,28.17000,40.00,4.70
1963-04-28 00:41:52.100,39.32000,27.82000,30.00,4.90
1965-03-02 22:00:07.200,38.47000,28.33000,42.00,5.30
1965-03-03 01:37:18.300,38.27000,28.47000,42.00,4.80
1965-03-17 14:05:00.100,38.10000,28.10000,33.00,4.50
1965-04-07 23:33:04.600,38.10000,27.70000,33.00,4.40
1965-09-02 05:29:02.700,39.70000,27.10000,10.00,4.40
1965-09-19 14:03:03.000,38.90000,27.95000,10.00,4.60
1965-09-30 19:36:04.100,38.80000,28.00000,10.00,4.60
1965-09-30 19:37:04.000,38.90000,27.90000,5.00,4.40
1965-10-04 12:54:05.500,39.60000,26.50000,10.00,4.40
1965-10-18 14:32:48.300,38.83000,27.83000,36.00,4.70
1966-01-13 01:44:01.400,38.30000,28.50000,22.00,4.30
1966-03-25 23:17:21.900,38.96000,29.29000,43.00,4.70
1966-03-29 02:36:37.500,38.00000,28.75000,5.00,4.90
1966-04-01 13:15:01.500,38.70000,28.50000,38.00,4.70
1966-05-22 07:37:29.000,38.70000,27.92000,23.00,4.90
1966-06-02 22:51:28.000,38.50000,27.23000,30.00,4.80
1966-06-05 09:14:06.800,39.07000,29.34000,36.00,4.50
1966-06-13 04:59:02.400,38.30000,28.50000,5.00,4.70
1966-06-19 17:55:30.000,38.55000,27.35000,9.00,4.90
1966-06-21 11:28:26.400,38.60000,27.50000,5.00,4.40
1966-06-25 06:20:46.900,38.54000,26.90000,5.00,4.40
1966-06-28 17:01:04.000,39.00000,27.00000,49.00,4.70
1966-07-19 02:33:23.000,38.40000,27.00000,25.00,4.40
1966-07-19 02:52:33.000,38.30000,27.10000,33.00,4.70
1967-01-29 19:47:52.000,38.99000,27.60000,33.00,4.70
1967-01-30 01:26:56.800,38.90000,27.50000,5.00,4.50
1967-02-14 07:22:02.400,38.80000,27.70000,5.00,4.70
1967-03-11 05:19:01.100,39.30000,28.50000,5.00,4.00
1967-05-09 04:05:13.000,39.61000,27.15000,37.00,4.70
1967-07-19 09:06:22.200,38.10000,28.87000,41.00,5.10
1968-02-19 23:17:01.700,38.70000,27.90000,5.00,4.50
1968-02-29 11:46:42.000,39.50000,26.00000,33.00,4.80
1968-03-21 09:42:51.000,38.80000,27.60000,52.00,4.50
1968-11-03 18:40:01.700,38.81000,29.11000,23.00,5.10
1968-11-03 18:44:08.000,38.60000,28.70000,56.00,4.60
1968-11-26 16:56:01.300,39.10000,28.10000,5.00,4.00
1969-02-17 22:49:01.400,38.90000,27.60000,5.00,4.00
1969-03-22 18:00:55.000,39.10000,28.67000,28.00,5.00
1969-03-23 00:15:45.000,39.17000,28.32000,12.00,4.50
1969-03-23 03:50:58.000,39.30000,28.00000,10.00,4.70
1969-03-23 21:08:42.100,39.14000,28.48000,9.00,5.90
1969-03-24 01:59:34.000,39.11000,28.51000,30.00,5.30
1969-03-24 02:58:49.000,39.15000,28.60000,4.00,4.80
1969-03-24 08:13:05.400,39.02000,28.41000,43.00,5.00
1969-03-24 11:23:31.000,38.90000,28.60000,53.00,4.60
1969-03-24 11:34:34.000,39.17000,28.70000,37.00,4.90
1969-03-24 12:13:17.000,39.08000,28.65000,20.00,4.80
1969-03-25 10:05:27.700,38.75000,27.81000,35.00,4.40
1969-03-25 13:21:12.000,39.06000,28.41000,28.00,4.20
1969-03-25 13:21:34.200,39.25000,28.44000,37.00,5.80
1969-03-25 13:28:50.100,38.78000,28.51000,40.00,5.10
1969-03-25 13:37:53.000,39.00000,28.00000,10.00,4.20
1969-03-25 14:18:52.100,39.17000,28.49000,34.00,5.10
1969-03-25 14:40:27.000,39.02000,28.90000,25.00,4.70
1969-03-25 16:13:30.400,39.08000,28.44000,42.00,5.00
1969-03-25 17:51:24.000,39.16000,28.00000,44.00,4.50
1969-03-26 03:31:26.500,39.03000,28.27000,37.00,4.80
1969-03-26 09:00:11.000,39.30000,28.10000,52.00,4.40
1969-03-26 13:50:41.000,39.30000,28.20000,10.00,4.40
1969-03-27 18:07:03.000,39.12000,28.20000,51.00,4.80
1969-03-28 01:48:29.500,38.55000,28.46000,4.00,6.10
1969-03-28 05:40:14.000,38.09000,29.02000,29.00,4.70
1969-03-28 10:02:17.400,39.13000,28.45000,37.00,5.20
1969-04-06 03:49:33.900,38.47000,26.41000,16.00,5.90
1969-04-06 12:50:29.000,38.33000,26.50000,57.00,4.40
1969-04-17 12:23:28.400,39.11000,28.62000,10.00,4.30
1969-04-30 20:20:32.000,39.12000,28.52000,8.00,5.30
1969-05-03 16:07:59.000,39.00000,28.60000,25.00,4.80
1969-05-06 06:36:01.600,39.30000,28.10000,5.00,4.00
1969-05-13 17:48:02.100,39.03000,28.57000,35.00,4.80
1969-05-14 23:57:35.500,39.15000,28.49000,36.00,4.90
1969-05-19 15:27:20.800,39.12000,28.58000,5.00,4.00
1969-06-27 10:40:25.000,39.30000,28.70000,10.00,4.40
1969-08-14 21:51:05.300,39.52000,27.87000,21.00,5.00
1969-10-07 05:09:12.000,39.20000,28.40000,13.00,5.20
1969-10-07 18:49:02.600,39.16000,28.54000,49.00,5.00
1969-10-13 03:24:26.000,39.17000,28.38000,9.00,4.50
1969-10-23 13:37:01.500,38.20000,27.60000,5.00,4.00
1969-10-24 23:00:04.600,38.40000,27.60000,5.00,4.00
1970-03-23 07:56:08.000,39.20000,28.20000,26.00,4.20
1970-03-28 21:02:23.500,39.21000,29.51000,18.00,6.20
1970-03-28 21:10:02.500,38.90000,29.70000,5.00,5.10
1970-03-28 21:23:28.000,38.10000,29.20000,33.00,5.00
1970-03-28 21:41:20.000,39.13000,29.53000,42.00,4.80
1970-03-28 21:59:10.900,39.28000,29.46000,17.00,5.10
1970-03-28 22:05:28.200,38.81000,29.71000,7.00,4.50
1970-03-28 22:40:15.900,39.02000,29.43000,43.00,4.50
1970-03-28 22:59:34.100,39.13000,29.00000,10.00,4.20
1970-03-28 23:11:43.400,39.15000,29.56000,31.00,5.50
1970-03-28 23:28:27.700,39.23000,29.50000,50.00,4.50
1970-03-28 23:30:52.000,38.90000,29.90000,10.00,4.40
1970-03-28 23:44:00.100,39.07000,29.76000,32.00,5.30
1970-03-29 01:28:55.000,38.80000,29.50000,55.00,4.20
1970-03-29 01:47:15.000,39.00000,29.40000,13.00,4.10
1970-03-29 01:50:30.200,39.26000,28.50000,33.00,4.40
1970-03-29 02:05:27.500,39.29000,29.18000,38.00,4.80
1970-03-29 02:40:35.400,38.92000,29.70000,33.00,4.60
1970-03-29 02:54:52.000,39.12000,29.53000,22.00,4.30
1970-03-29 03:10:46.700,39.06000,29.68000,37.00,4.50
1970-03-29 03:34:40.200,39.00000,29.10000,10.00,4.30
1970-03-29 03:55:40.500,39.36000,29.51000,38.00,4.80
1970-03-29 04:56:04.800,38.40000,29.30000,5.00,4.10
1970-03-29 06:56:24.400,39.06000,29.74000,29.00,5.40
1970-03-29 07:58:30.000,39.29000,29.20000,2.00,4.40
1970-03-29 09:00:35.700,39.08000,29.50000,42.00,4.40
1970-03-29 09:52:17.800,39.16000,29.41000,47.00,4.40
1970-03-29 14:37:19.600,38.74000,27.83000,56.00,4.80
1970-03-29 14:40:26.600,38.73000,28.00000,47.00,4.80
1970-03-29 19:11:43.000,39.14000,29.42000,22.00,4.90
1970-03-29 22:12:43.000,39.20000,29.20000,10.00,4.50
1970-03-30 00:15:44.500,38.96000,29.73000,55.00,4.60
1970-03-30 01:23:37.200,39.18000,29.60000,10.00,4.50
1970-03-30 02:22:34.000,39.14000,29.80000,58.00,4.40
1970-03-30 05:06:18.000,39.20000,29.50000,10.00,4.40
1970-03-30 05:20:03.500,39.20000,29.80000,5.00,4.10
1970-03-30 06:46:24.900,39.09000,29.03000,23.00,4.80
1970-03-30 06:49:05.000,39.43000,29.40000,33.00,5.00
1970-03-30 07:59:52.000,39.34000,29.26000,16.00,5.40
1970-03-30 08:35:18.200,39.29000,29.24000,36.00,4.90
1970-03-30 09:26:10.000,39.01000,29.40000,18.00,4.40
1970-03-30 13:48:05.000,39.34000,29.13000,21.00,4.60
1970-03-30 16:32:36.500,39.09000,29.59000,30.00,5.00
1970-03-30 20:38:05.000,39.05000,29.62000,28.00,4.80
1970-03-30 20:59:30.500,39.30000,29.29000,33.00,4.90
1970-03-30 21:42:31.000,39.03000,29.90000,35.00,4.40
1970-03-31 00:51:36.000,39.33000,29.41000,18.00,4.90
1970-03-31 01:07:55.000,39.41000,29.32000,25.00,4.10
1970-03-31 03:46:51.100,39.03000,29.79000,35.00,5.00
1970-03-31 04:10:05.000,39.01000,29.20000,9.00,4.40
1970-03-31 04:45:55.000,39.11000,29.90000,10.00,4.50
1970-03-31 05:40:44.000,39.11000,29.77000,9.00,4.70
1970-03-31 08:30:49.400,38.93000,29.30000,55.00,4.10
1970-03-31 11:57:59.900,38.89000,29.73000,41.00,4.80
1970-03-31 16:08:22.500,39.03000,29.49000,37.00,4.50
1970-03-31 21:20:34.000,39.12000,29.51000,20.00,4.30
1970-04-01 08:02:24.000,38.90000,28.80000,54.00,5.00
1970-04-01 15:56:04.600,39.32000,29.27000,35.00,5.10
1970-04-01 17:55:14.000,39.01000,29.69000,41.00,4.50
1970-04-02 00:28:32.300,39.11000,29.57000,28.00,4.50
1970-04-02 02:45:47.000,38.96000,29.44000,10.00,4.40
1970-04-02 13:05:16.000,39.04000,29.20000,15.00,4.40
1970-04-02 20:35:09.000,39.05000,29.72000,35.00,4.90
1970-04-03 12:16:45.800,38.95000,29.50000,10.00,4.30
1970-04-03 23:19:38.000,38.90000,29.70000,3.00,4.40
1970-04-04 16:48:10.000,38.90000,29.90000,33.00,4.70
1970-04-05 05:47:27.300,38.88000,29.89000,32.00,4.60
1970-04-05 12:29:47.700,39.31000,29.18000,10.00,4.40
1970-04-07 04:12:33.900,39.32000,29.09000,33.00,4.70
1970-04-07 10:55:02.000,39.00000,27.80000,48.00,4.30
1970-04-07 17:05:11.900,39.34000,29.32000,33.00,5.40
1970-04-09 09:23:16.000,39.40000,27.90000,15.00,4.80
1970-04-09 10:12:30.400,39.11000,29.41000,34.00,5.00
1970-04-09 20:43:22.000,39.21000,29.35000,30.00,4.30
1970-04-10 01:14:40.000,39.13000,29.31000,22.00,4.30
1970-04-10 23:13:49.100,39.13000,29.31000,10.00,4.40
1970-04-11 08:36:38.000,39.10000,28.80000,49.00,4.80
1970-04-11 17:24:25.000,39.09000,29.76000,22.00,4.90
1970-04-13 05:16:00.000,39.32000,29.03000,15.00,4.70
1970-04-13 05:58:15.000,39.40000,28.00000,33.00,4.30
1970-04-15 00:36:02.200,39.01000,29.77000,40.00,4.40
1970-04-15 16:27:53.000,39.27000,29.70000,41.00,4.20
1970-04-15 16:29:58.000,39.34000,29.30000,28.00,4.90
1970-04-16 01:07:02.000,39.21000,29.13000,17.00,4.30
1970-04-16 10:42:22.300,39.02000,29.91000,31.00,5.70
1970-04-16 11:43:22.300,38.98000,29.95000,43.00,4.90
1970-04-16 12:59:18.000,38.99000,29.50000,67.00,4.40
1970-04-17 20:27:22.000,38.92000,29.71000,51.00,4.50
1970-04-18 01:54:19.000,38.80000,29.70000,73.00,4.30
1970-04-18 05:37:24.000,39.22000,29.38000,16.00,4.40
1970-04-18 05:52:53.900,39.37000,29.30000,10.00,4.50
1970-04-18 12:31:09.800,38.80000,29.70000,45.00,4.70
1970-04-18 23:06:29.400,38.80000,29.90000,33.00,4.10
1970-04-19 13:29:36.500,39.03000,29.76000,18.00,5.80
1970-04-19 13:47:35.000,39.03000,29.80000,24.00,5.70
1970-04-19 14:22:01.300,38.20000,29.90000,5.00,4.40
1970-04-20 07:19:07.000,38.98000,29.60000,59.00,4.50
1970-04-20 18:00:33.000,38.84000,29.92000,23.00,4.40
1970-04-20 18:36:10.000,38.70000,29.20000,88.00,4.70
1970-04-21 07:36:58.000,39.08000,29.90000,25.00,4.80
1970-04-21 08:29:38.000,39.00000,29.50000,10.00,4.70
1970-04-21 17:12:33.000,38.90000,29.70000,23.00,4.60
1970-04-21 18:04:11.100,38.91000,29.91000,49.00,4.40
1970-04-22 04:51:00.200,38.87000,29.98000,36.00,4.60
1970-04-22 05:24:06.000,39.02000,29.77000,37.00,5.30
1970-04-22 18:38:50.100,39.08000,29.43000,48.00,4.90
1970-04-23 09:01:26.600,39.13000,28.65000,28.00,5.50
1970-04-24 00:40:01.400,39.01000,29.85000,32.00,5.10
1970-04-24 02:40:14.000,39.06000,28.60000,21.00,4.30
1970-04-24 03:33:39.300,39.01000,29.70000,44.00,5.40
1970-04-24 05:52:00.800,39.01000,29.72000,45.00,4.50
1970-04-24 16:54:00.000,39.12000,28.74000,37.00,4.30
1970-04-24 22:52:49.700,39.12000,29.68000,10.00,4.20
1970-04-25 05:52:02.600,39.00000,29.56000,7.00,4.00
1970-04-26 13:23:01.400,39.90000,28.90000,5.00,4.10
1970-04-26 15:36:06.100,39.03000,29.77000,5.00,4.00
1970-04-26 23:15:02.000,38.86000,29.94000,18.00,4.50
1970-04-27 01:54:12.600,38.94000,29.81000,37.00,4.70
1970-04-27 09:35:13.100,38.96000,29.58000,33.00,4.80
1970-04-27 10:39:12.000,38.97000,29.33000,17.00,4.10
1970-04-27 22:24:43.000,39.06000,29.54000,11.00,5.00
1970-04-28 00:22:05.700,39.17000,29.70000,5.00,4.10
1970-04-30 14:58:22.000,39.31000,29.31000,25.00,4.90
1970-04-30 16:44:47.000,39.32000,29.22000,24.00,5.00
1970-04-30 23:59:09.000,39.09000,29.59000,29.00,4.70
1970-05-06 21:02:05.000,38.93000,29.94000,33.00,4.30
1970-05-08 02:49:14.600,38.93000,29.98000,20.00,4.70
1970-05-08 10:06:21.000,38.99000,29.50000,38.00,4.30
1970-05-08 10:10:28.700,38.93000,29.99000,37.00,4.60
1970-05-10 16:07:59.000,39.00000,29.10000,33.00,4.80
1970-05-11 09:15:26.000,39.61000,29.37000,56.00,4.20
1970-05-11 09:58:47.100,39.36000,29.32000,10.00,4.60
1970-05-11 16:28:30.000,38.95000,29.90000,20.00,4.30
1970-05-12 07:41:06.800,38.60000,29.30000,33.00,5.30
1970-05-13 19:41:42.000,38.97000,29.20000,5.00,4.00
1970-05-26 05:51:51.200,38.92000,29.44000,59.00,4.70
1970-05-29 23:38:51.000,39.11000,29.68000,21.00,4.40
1970-05-30 06:43:33.400,39.23000,29.42000,18.00,4.10
1970-06-01 06:43:13.000,39.00000,29.70000,54.00,4.40
1970-06-10 05:17:15.500,39.15000,29.46000,43.00,4.70
1970-06-14 00:58:26.000,39.25000,29.17000,23.00,4.50
1970-06-18 12:40:26.700,38.90000,29.90000,5.00,4.00
1970-06-20 06:04:27.200,38.85000,29.87000,47.00,4.80
1970-06-24 08:42:02.200,39.10000,28.60000,5.00,4.00
1970-06-27 17:44:02.400,39.30000,28.70000,5.00,4.00
1970-07-10 05:36:20.000,39.16000,28.60000,12.00,4.30
1970-08-29 18:03:24.600,39.01000,29.36000,34.00,4.40
1970-09-09 05:25:58.800,38.97000,29.52000,33.00,5.10
1970-09-14 07:10:13.000,39.24000,29.32000,37.00,4.60
1970-09-15 06:28:04.800,39.70000,28.54000,10.00,4.00
1970-09-21 03:41:01.100,39.30000,29.40000,5.00,4.30
1970-10-31 04:36:11.400,39.92000,26.16000,10.00,4.10
1970-11-15 03:14:56.400,39.32000,29.28000,5.00,4.00
1970-12-13 20:18:04.600,39.10000,29.60000,5.00,4.00
1970-12-17 02:17:05.000,39.27000,29.40000,26.00,4.70
1970-12-20 11:01:46.800,39.36000,29.24000,26.00,5.30
1970-12-21 00:22:25.000,39.09000,29.41000,27.00,4.30
1970-12-26 13:34:31.700,39.10000,29.50000,5.00,4.00
1971-01-22 10:32:43.900,38.75000,29.34000,5.00,4.30
1971-02-15 08:19:57.100,39.19000,29.36000,32.00,5.20
1971-02-23 19:41:23.000,39.62000,27.32000,10.00,5.30
1971-04-10 13:21:53.600,38.83000,29.14000,20.00,4.90
1971-04-13 12:52:38.700,39.03000,29.80000,41.00,5.40
1971-04-27 17:19:57.900,38.91000,29.06000,14.00,4.90
1971-04-30 16:44:03.600,39.19000,28.52000,5.00,4.30
1971-05-06 04:24:35.700,39.04000,29.75000,34.00,5.00
1971-05-10 07:32:32.700,38.87000,29.62000,10.00,4.20
1971-05-23 14:03:18.900,39.96000,28.72000,3.00,4.60
1971-05-25 05:43:26.100,39.05000,29.71000,16.00,6.00
1971-05-25 05:53:28.600,39.05000,29.69000,13.00,4.60
1971-05-25 06:18:45.700,38.89000,29.74000,33.00,4.70
1971-06-10 09:31:53.900,39.02000,29.63000,33.00,5.30
1971-08-07 17:07:24.500,38.87000,29.91000,20.00,4.80
1971-10-03 07:44:27.700,38.94000,29.92000,26.00,4.90
1971-10-05 18:53:09.900,38.93000,29.61000,30.00,4.80
1971-10-06 23:16:04.800,38.06000,27.27000,10.00,4.20
1971-11-06 19:43:47.500,39.02000,29.78000,16.00,5.30
1971-12-02 09:40:58.400,39.23000,26.45000,35.00,4.70
1971-12-16 16:42:01.600,39.52000,27.78000,10.00,4.30
1971-12-18 00:43:08.000,39.50000,29.10000,5.00,4.30
1972-03-14 14:05:46.600,39.32000,29.47000,38.00,5.60
1972-04-26 06:30:23.200,39.43000,26.36000,18.00,5.30
1972-04-26 15:59:44.900,39.45000,26.33000,25.00,5.10
1972-05-01 12:30:47.400,39.47000,26.38000,12.00,4.30
1972-05-09 17:40:22.200,39.46000,26.37000,10.00,5.00
1972-06-04 16:29:35.700,39.49000,26.37000,28.00,4.10
1972-06-23 17:16:03.000,39.16000,29.17000,20.00,4.40
1972-06-28 09:09:39.900,38.96000,29.36000,19.00,4.10
1972-07-27 12:08:10.900,38.97000,29.95000,18.00,4.30
1972-09-03 08:38:46.300,39.16000,27.98000,30.00,4.90
1972-09-23 03:32:49.100,39.78000,28.57000,5.00,4.30
1972-09-25 22:34:34.200,39.11000,29.21000,51.00,4.10
1972-10-04 06:14:25.800,39.14000,29.44000,34.00,4.80
1973-02-08 14:33:14.100,39.25000,28.73000,38.00,4.30
1973-02-25 14:55:22.400,38.92000,29.39000,18.00,4.10
1973-02-27 17:10:10.500,38.83000,29.87000,30.00,4.30
1973-03-02 19:30:01.000,39.20000,28.10000,55.00,4.20
1973-04-08 09:52:47.500,39.17000,28.39000,7.00,4.40
1973-04-19 22:13:54.500,38.29000,26.94000,17.00,4.70
1973-04-21 02:05:17.000,38.40000,26.90000,5.00,4.00
1973-05-12 09:31:32.800,38.89000,29.21000,5.00,4.50
1973-08-03 22:34:42.000,39.30000,29.20000,5.00,4.10
1974-01-03 07:39:47.900,39.74000,26.82000,29.00,4.30
1974-02-01 00:01:02.100,38.55000,27.22000,24.00,5.50
1974-02-07 08:46:52.000,39.70000,26.88000,37.00,4.30
1974-02-07 08:49:40.600,39.53000,27.01000,10.00,4.20
1974-02-14 09:17:14.200,38.54000,27.19000,36.00,4.40
1974-08-29 08:02:30.000,38.84000,29.28000,19.00,4.30
1974-09-07 08:33:19.200,39.67000,28.61000,17.00,4.20
1974-11-25 23:54:39.000,38.96000,27.85000,7.00,4.00
1974-12-01 11:20:12.600,39.53000,26.36000,10.00,4.30
1974-12-01 12:09:29.500,39.48000,26.35000,36.00,4.50
1975-01-26 12:36:44.600,39.29000,26.45000,0.00,4.20
1975-01-30 04:51:25.100,39.82000,28.60000,0.00,4.10
1975-01-30 16:26:18.600,39.87000,28.64000,0.00,4.30
1975-02-07 03:21:13.200,38.75000,28.35000,5.00,4.10
1975-02-09 12:36:05.000,38.71000,26.16000,27.00,4.30
1975-02-09 12:37:53.600,38.73000,26.21000,11.00,4.00
1975-02-10 19:58:24.700,39.19000,28.99000,0.00,4.20
1975-02-12 01:48:23.000,39.14000,29.00000,15.00,4.20
1975-05-30 05:13:44.800,39.12000,27.68000,10.00,4.00
1975-05-30 14:22:42.200,38.75000,27.60000,9.00,4.20
1975-09-04 04:55:16.300,38.13000,27.20000,0.00,4.00
1975-09-15 18:40:25.300,38.40000,27.40000,16.00,4.30
1976-01-21 18:15:13.000,39.11000,29.61000,27.00,4.00
1976-02-11 01:21:20.200,38.92000,27.14000,10.00,4.20
1976-02-23 10:13:28.000,39.10000,28.67000,16.00,4.30
1976-02-25 00:36:41.800,38.87000,26.40000,21.00,4.00
1976-02-26 19:32:38.100,38.24000,26.38000,10.00,4.40
1976-03-11 03:14:10.100,39.32000,27.65000,10.00,4.00
1976-03-11 03:41:46.400,39.36000,27.68000,10.00,4.00
1976-05-05 08:41:48.300,39.34000,29.11000,34.00,4.10
1976-05-07 23:05:12.900,39.23000,29.16000,0.00,4.10
1976-05-08 23:25:08.000,39.33000,29.10000,33.00,4.90
1976-05-09 02:55:48.800,39.26000,28.80000,10.00,4.20
1976-05-09 11:19:40.900,39.00000,28.77000,10.00,4.30
1976-05-09 15:01:19.000,39.31000,29.12000,20.00,4.50
1976-05-09 20:10:59.000,39.30000,29.40000,33.00,4.00
1976-05-10 12:01:33.000,39.28000,29.17000,26.00,4.40
1976-05-10 15:20:45.400,39.20000,29.11000,10.00,4.40
1976-05-10 23:54:11.900,39.26000,29.17000,33.00,5.00
1976-05-11 03:31:58.200,39.19000,29.20000,10.00,4.90
1976-05-12 05:11:43.000,39.33000,29.16000,21.00,5.10
1976-05-13 13:18:20.000,39.26000,29.18000,25.00,4.10
1976-05-14 11:06:15.500,39.26000,29.22000,10.00,4.00
1976-05-15 11:05:57.200,39.33000,29.05000,0.00,4.20
1976-05-21 09:37:02.000,39.28000,29.16000,24.00,4.50
1976-05-22 18:01:56.800,39.25000,29.18000,10.00,4.40
1976-05-25 18:43:27.900,39.31000,29.09000,14.00,4.80
1976-05-26 07:03:27.200,39.36000,29.07000,0.00,4.00
1976-05-28 23:02:20.300,39.26000,29.17000,8.00,4.50
1976-05-28 23:09:37.600,39.35000,29.36000,5.00,4.20
1976-05-29 03:45:29.100,39.37000,29.34000,3.00,4.20
1976-05-29 15:26:05.000,39.29000,29.24000,2.00,4.00
1976-05-31 05:10:24.600,39.48000,29.10000,40.00,4.90
1976-06-09 10:02:33.000,39.24000,29.15000,12.00,4.90
1976-06-11 00:52:36.000,39.18000,29.00000,11.00,4.10
1976-06-11 09:55:17.700,39.32000,29.23000,2.00,4.20
1976-06-14 06:52:37.000,39.34000,29.27000,23.00,4.70
1976-06-19 14:25:20.200,39.21000,29.24000,0.00,4.00
1976-07-15 12:06:57.000,39.37000,29.06000,11.00,4.50
1976-08-22 13:28:50.600,39.35000,29.03000,23.00,4.80
1976-08-25 08:38:47.000,39.30000,28.80000,33.00,4.10
1976-09-03 20:53:26.900,39.21000,28.16000,4.00,4.50
1976-09-06 14:11:38.000,39.06000,29.00000,11.00,4.00
1976-09-24 20:03:29.400,38.42000,26.72000,11.00,4.10
1976-10-01 09:23:21.200,38.46000,26.90000,11.00,4.10
1976-10-02 14:45:33.800,38.49000,27.10000,11.00,4.10
1976-10-03 00:53:48.100,38.24000,26.70000,19.00,4.00
1976-10-21 01:45:24.700,38.64000,26.55000,11.00,4.10
1976-11-12 09:51:11.300,38.54000,26.74000,19.00,4.70
1976-11-12 09:55:32.900,38.47000,26.71000,6.00,4.90
1976-11-13 11:54:48.400,38.62000,26.70000,33.00,4.20
1976-11-16 18:06:49.000,38.60000,26.76000,9.00,4.10
1976-11-17 00:48:33.900,38.52000,26.78000,10.00,4.20
1976-11-21 23:10:35.400,38.44000,26.80000,39.00,4.10
1976-12-03 10:54:39.200,38.70000,27.30000,1.00,4.00
1977-01-10 09:14:43.000,39.48000,27.38000,4.00,4.20
1977-01-25 23:54:19.000,39.41000,28.30000,19.00,4.20
1977-02-24 20:47:18.200,38.55000,27.66000,20.00,5.00
1977-03-13 20:42:23.000,39.16000,26.27000,10.00,4.00
1977-03-21 15:56:07.300,39.33000,29.01000,7.00,4.10
1977-03-23 11:55:54.000,39.63000,28.65000,23.00,4.50
1977-06-21 11:31:44.700,39.48000,27.63000,10.00,4.20
1977-07-12 02:26:32.300,39.43000,29.25000,10.00,4.00
1977-09-18 05:30:29.000,38.00000,27.00000,0.00,4.00
1977-09-25 03:44:14.000,38.02000,27.82000,10.00,4.30
1977-10-19 14:14:17.700,39.01000,29.60000,10.00,4.80
1977-10-28 00:31:52.900,38.00000,28.03000,10.00,4.20
1977-12-09 15:53:37.900,38.35000,27.23000,27.00,4.90
1977-12-09 20:36:45.800,39.36000,29.13000,10.00,4.30
1977-12-09 21:32:10.700,39.36000,27.99000,3.00,4.20
1977-12-16 07:37:29.300,38.41000,27.19000,24.00,5.30
1977-12-16 07:40:46.000,38.50000,28.50000,0.00,4.40
1977-12-16 07:44:22.200,38.47000,27.28000,5.00,4.20
1978-01-07 14:55:15.100,39.78000,28.68000,10.00,4.00
1978-01-19 12:08:17.600,38.93000,27.90000,10.00,4.30
1978-02-07 07:34:33.000,38.00000,27.60000,0.00,4.00
1978-02-24 18:47:33.800,39.21000,26.39000,5.00,4.30
1978-04-09 06:53:07.200,38.20000,27.10000,56.00,4.70
1978-04-24 01:49:33.000,38.05000,27.71000,10.00,4.00
1978-05-05 04:18:36.600,39.28000,26.79000,0.00,4.10
1978-07-08 09:24:50.900,39.68000,29.42000,0.00,6.00
1978-07-13 12:38:43.000,39.10000,29.90000,10.00,6.00
1978-09-25 23:37:18.500,38.49000,27.32000,44.00,4.20
1979-06-14 11:44:45.100,38.79000,26.57000,15.00,5.90
1979-06-14 13:00:58.500,38.69000,26.74000,24.00,4.40
1979-06-15 07:31:24.400,38.73000,26.53000,7.00,4.00
1979-06-16 18:41:59.400,38.72000,26.64000,11.00,5.00
1979-06-17 04:38:53.000,38.69000,26.58000,10.00,4.00
1979-06-17 23:08:35.900,38.72000,26.61000,6.00,4.60
1979-06-18 03:25:57.900,38.68000,26.59000,7.00,4.60
1979-06-19 23:09:56.800,38.64000,26.61000,21.00,4.60
1979-06-26 22:38:15.400,38.72000,26.61000,2.00,4.60
1979-07-18 13:12:23.000,39.66000,28.65000,7.00,5.20
1979-07-24 08:27:03.600,39.01000,27.75000,10.00,4.00
1979-08-22 11:47:29.300,38.04000,28.95000,10.00,4.30
1979-09-09 16:10:13.200,39.32000,28.83000,8.00,4.20
1979-10-14 20:38:32.500,39.35000,27.94000,10.00,4.20
1979-10-15 02:50:15.400,39.41000,27.85000,4.00,4.00
1980-02-03 09:16:39.700,39.38000,28.29000,2.00,4.10
1980-02-14 20:14:28.800,39.10000,29.35000,10.00,4.40
1980-03-02 05:32:12.400,39.26000,29.39000,6.00,4.60
1980-03-03 06:15:06.100,38.13000,27.75000,0.00,4.20
1980-04-25 17:26:05.000,38.75000,26.52000,15.00,4.00
1980-04-27 09:54:27.300,39.07000,28.86000,38.00,4.80
1980-05-03 04:26:04.600,39.14000,28.98000,35.00,4.10
1980-05-04 09:22:12.700,39.22000,28.97000,22.00,4.50
1980-07-11 12:24:27.400,38.80000,29.17000,0.00,4.30
1980-08-07 22:54:09.800,39.37000,28.12000,0.00,4.10
1980-10-27 10:08:54.700,39.26000,26.07000,10.00,4.00
1980-11-27 15:49:51.300,39.23000,27.71000,0.00,4.10
1980-12-08 06:29:12.100,38.91000,27.67000,0.00,4.00
1980-12-16 17:13:25.300,38.80000,26.65000,10.00,4.60
1980-12-19 07:49:21.500,38.02000,27.65000,15.00,4.70
1981-01-25 06:15:20.000,39.09000,27.99000,2.00,4.10
1981-04-11 19:21:19.700,38.06000,26.12000,10.00,4.00
1981-06-02 19:07:16.000,39.41000,27.96000,7.00,4.50
1981-12-28 14:52:25.500,39.33000,29.12000,16.00,4.40
1981-12-28 14:53:35.300,39.39000,29.06000,10.00,4.30
1982-02-08 11:20:09.400,39.33000,29.05000,13.00,4.00
1982-03-31 01:15:57.800,38.59000,28.18000,10.00,4.10
1982-04-16 04:48:22.500,39.54000,26.08000,0.00,4.10
1982-04-17 10:23:10.000,39.40000,26.10000,0.00,4.20
1982-04-18 23:56:06.900,38.89000,28.15000,10.00,4.00
1982-04-19 04:32:54.300,38.68000,26.91000,10.00,4.40
1982-04-20 18:32:21.300,38.76000,26.93000,10.00,4.30
1982-11-02 05:58:48.000,38.52000,28.46000,31.00,4.60
1982-12-26 17:48:01.000,39.32000,28.26000,5.00,4.90
1982-12-27 02:04:47.600,38.96000,27.91000,8.00,4.20
1982-12-27 11:02:44.300,39.34000,28.27000,10.00,4.80
1982-12-27 15:32:06.000,38.95000,27.82000,5.00,4.00
1982-12-27 19:55:24.800,39.01000,27.83000,17.00,4.10
1983-02-15 02:21:45.700,39.07000,28.71000,7.00,4.60
1983-02-23 16:53:29.700,39.17000,29.29000,3.00,4.00
1983-04-06 14:48:05.200,38.11000,27.16000,9.00,4.10
1983-06-01 14:44:32.400,38.44000,26.55000,22.00,4.60
1983-06-15 13:45:08.900,39.46000,28.24000,12.00,4.20
1983-09-23 08:32:54.000,38.83000,27.07000,10.00,4.00
1983-10-11 12:08:18.700,38.85000,29.21000,10.00,4.20
1983-10-11 20:08:18.500,38.97000,29.25000,0.00,4.10
1983-11-06 05:17:04.000,39.33000,29.32000,14.00,4.60
1984-03-01 06:39:33.000,39.25000,27.98000,4.00,4.00
1984-03-29 00:06:01.400,39.64000,27.87000,12.00,4.60
1984-03-31 13:56:43.400,39.62000,28.76000,4.00,4.10
1984-04-01 17:17:41.000,39.56000,28.76000,7.00,4.40
1984-05-30 15:00:29.300,38.85000,26.71000,14.00,4.10
1984-07-15 17:47:02.500,39.22000,27.72000,10.00,4.10
1984-08-22 23:29:21.000,38.86000,26.12000,10.00,4.20
1984-08-25 21:09:20.100,39.04000,26.14000,12.00,4.00
1984-11-07 11:39:43.700,38.91000,27.80000,10.00,4.30
1985-01-25 02:42:18.000,38.53000,27.36000,7.00,4.10
1985-02-07 13:18:45.000,39.02000,29.88000,36.00,4.60
1985-03-14 11:35:38.500,38.51000,27.69000,15.00,4.70
1985-03-29 09:24:08.400,38.80000,26.57000,26.00,4.80
1985-04-29 11:38:39.000,38.35000,29.76000,3.00,4.60
1985-05-14 04:52:18.500,39.71000,26.09000,26.00,4.00
1985-09-23 22:19:57.400,38.86000,27.01000,5.00,4.00
1985-10-04 13:36:07.800,39.20000,26.21000,14.00,4.20
1985-10-17 19:15:26.200,38.77000,27.83000,10.00,4.40
1985-10-23 06:14:32.000,38.80000,27.83000,12.00,4.30
1985-12-01 11:47:38.700,39.29000,27.70000,15.00,4.60
1985-12-18 05:46:00.800,39.20000,26.17000,17.00,5.00
1985-12-19 09:27:41.500,39.16000,26.24000,12.00,4.10
1986-05-14 03:01:25.000,39.49000,28.42000,8.00,4.50
1986-05-20 07:43:36.000,38.40000,26.72000,10.00,4.00
1986-05-27 04:44:49.600,38.88000,27.53000,10.00,4.00
1986-05-27 08:54:58.200,39.46000,28.44000,11.00,4.50
1986-06-03 19:35:54.000,39.46000,28.36000,9.00,4.30
1986-08-18 08:11:31.200,38.59000,27.10000,10.00,4.00
1986-08-19 06:03:54.400,39.04000,28.79000,10.00,4.70
1986-08-30 04:47:10.900,39.11000,27.84000,10.00,4.10
1986-09-23 08:41:25.100,39.09000,27.75000,14.00,4.00
1986-09-29 17:38:03.900,39.07000,27.79000,11.00,4.10
1986-10-12 11:13:40.000,39.66000,28.97000,11.00,4.40
1986-10-30 03:46:46.000,39.74000,28.78000,8.00,4.20
1986-11-30 05:29:18.300,38.75000,27.74000,14.00,4.30
1987-01-29 11:58:07.100,38.82000,26.89000,12.00,4.00
1987-04-25 22:11:00.000,39.30000,27.92000,3.00,4.20
1987-08-06 06:21:29.700,39.25000,26.26000,19.00,4.70
1988-01-14 18:35:54.800,39.96000,29.16000,8.00,4.20
1988-04-23 17:54:45.000,39.10000,28.10000,33.00,4.00
1988-08-04 08:25:18.000,38.86000,27.00000,3.00,4.50
1989-02-15 04:01:16.900,39.05000,29.71000,23.00,4.40
1989-05-10 03:05:28.600,39.67000,27.88000,10.00,4.20
1989-05-31 23:43:24.000,39.63000,27.81000,8.00,4.00
1989-07-16 16:48:24.000,39.12000,26.60000,3.00,4.50
1989-08-15 16:08:08.200,39.18000,26.32000,8.00,4.20
1989-08-15 17:03:30.400,39.22000,26.25000,10.00,4.70
1989-11-12 04:50:05.000,38.62000,26.19000,13.00,4.50
1989-12-23 14:59:03.000,38.30000,26.54000,6.00,4.60
1990-01-31 15:00:31.200,39.48000,26.09000,10.00,4.30
1990-02-10 19:48:01.100,39.57000,27.90000,10.00,4.00
1990-05-24 05:49:06.400,39.98000,27.48000,28.00,4.30
1990-09-13 22:05:13.200,39.54000,28.53000,10.00,4.30
1990-12-19 09:46:45.000,38.59000,28.04000,7.00,4.70
1991-02-26 22:30:47.500,38.48000,26.67000,14.00,4.10
1991-04-18 11:56:56.900,39.26000,26.58000,10.00,4.20
1991-05-14 06:30:16.500,38.93000,26.05000,28.00,4.10
1991-06-15 21:33:17.200,38.49000,27.10000,8.00,4.00
1991-06-26 11:00:36.700,39.57000,27.76000,12.00,4.00
1991-07-22 00:49:50.000,39.31000,27.92000,13.00,4.00
1991-07-28 09:02:08.400,38.65000,26.71000,7.00,4.00
1991-11-09 12:27:51.500,39.43000,26.36000,19.00,4.00
1991-11-30 15:57:54.600,39.32000,28.13000,10.00,4.10
1992-03-01 14:44:17.000,39.08000,26.03000,9.00,4.10
1992-03-01 15:09:28.000,39.04000,26.01000,6.00,4.00
1992-03-01 17:38:22.000,38.98000,26.03000,5.00,4.20
1992-03-11 01:54:43.000,39.11000,26.00000,3.00,4.00
1992-04-01 12:23:39.700,39.39000,28.68000,10.00,4.10
1992-04-03 23:45:16.200,38.60000,26.64000,12.00,4.10
1992-04-25 18:17:25.900,38.65000,26.45000,10.00,4.30
1992-05-25 14:11:34.500,39.55000,26.05000,24.00,4.00
1992-11-06 19:08:09.200,38.16000,26.99000,17.00,6.00
1992-11-06 20:05:58.800,38.03000,27.06000,10.00,4.70
1992-11-07 03:25:45.400,38.17000,26.99000,56.00,4.20
1992-11-07 04:36:35.200,38.11000,27.00000,10.00,4.40
1992-11-08 18:21:20.300,38.18000,26.93000,13.00,4.10
1992-11-08 19:28:12.000,38.14000,26.91000,11.00,4.00
1992-11-12 15:11:09.600,38.72000,26.51000,10.00,4.40
1992-11-12 15:19:10.100,38.71000,26.52000,10.00,4.10
1992-12-05 06:26:17.300,38.08000,26.95000,15.00,4.10
1992-12-10 10:18:00.900,38.12000,26.88000,14.00,4.00
1993-01-20 04:00:58.400,38.07000,26.99000,10.00,4.10
1993-03-29 18:06:33.500,38.99000,26.34000,17.00,4.00
1993-03-31 18:20:44.100,39.15000,28.01000,13.00,4.30
1993-05-21 09:01:17.700,39.77000,28.95000,15.00,4.20
1993-05-30 15:42:29.600,39.29000,29.13000,17.00,4.00
1993-06-06 18:16:11.100,39.42000,28.34000,6.00,4.00
1993-07-26 08:05:58.200,38.82000,26.94000,10.00,4.20
1993-08-26 19:50:24.900,39.10000,27.83000,14.00,4.00
1993-11-01 18:17:22.300,38.95000,29.94000,13.00,4.70
1994-01-28 15:45:24.600,38.69000,27.49000,5.00,5.20
1994-02-06 01:15:06.200,38.67000,27.44000,10.00,4.00
1994-02-19 00:20:40.900,38.85000,26.94000,12.00,4.10
1994-02-19 00:35:39.300,38.81000,26.98000,10.00,4.10
1994-02-19 04:13:04.500,38.90000,26.97000,8.00,4.00
1994-05-06 01:12:48.200,39.11000,26.43000,8.00,4.00
1994-05-24 02:05:36.200,38.66000,26.54000,17.00,5.30
1994-05-24 02:18:34.900,38.76000,26.60000,16.00,5.10
1994-05-24 03:35:33.200,38.68000,26.48000,14.00,4.80
1994-05-24 06:05:56.200,38.67000,26.66000,10.00,4.50
1994-05-25 07:37:57.500,38.73000,26.45000,5.00,4.10
1994-06-03 22:40:59.000,38.78000,26.49000,10.00,4.00
1994-07-08 23:08:40.300,39.38000,29.19000,33.00,4.10
1994-08-08 05:28:01.400,38.98000,29.04000,10.00,4.00
1994-08-09 16:59:10.900,38.83000,26.58000,9.00,4.40
1994-08-10 13:37:43.500,38.85000,26.59000,13.00,4.20
1994-10-17 10:54:14.200,39.40000,26.01000,19.00,4.10
1995-01-12 00:21:28.600,38.65000,27.15000,4.00,4.30
1995-06-21 09:53:22.100,38.76000,26.73000,11.00,4.00
1995-08-20 09:20:52.800,38.64000,26.52000,0.00,4.20
1995-10-11 00:10:10.400,38.75000,26.43000,24.00,4.00
1995-10-11 02:10:09.400,38.82000,26.38000,6.00,4.00
1996-01-30 17:41:14.500,38.54000,26.77000,17.00,4.40
1996-02-20 02:53:05.800,38.25000,27.13000,31.00,4.00
1996-02-20 03:33:14.400,38.27000,27.20000,28.00,4.00
1996-04-29 16:01:59.500,39.03000,29.69000,9.00,4.00
1996-05-20 09:09:10.300,38.25000,26.84000,18.00,4.00
1996-08-25 04:48:18.300,39.61000,26.01000,18.00,4.10
1996-09-21 03:34:23.000,38.96000,27.85000,0.00,4.00
1997-01-21 20:47:46.600,38.12000,28.92000,9.00,4.80
1997-03-14 11:45:15.700,38.08000,28.94000,13.00,4.00
1997-04-10 08:28:06.900,39.07000,26.19000,11.00,4.00
1997-10-18 09:18:53.300,39.81000,28.69000,17.00,4.00
1997-12-28 20:46:33.600,39.90000,26.55000,0.00,4.00
1998-03-05 01:45:08.900,39.55000,27.25000,7.00,4.40
1998-03-05 01:55:26.700,39.53000,27.25000,5.00,4.30
1999-06-28 00:16:49.600,38.21000,26.54000,5.00,4.00
1999-07-24 16:05:48.200,39.31000,27.89000,8.00,4.30
1999-07-25 06:56:53.100,39.33000,27.89000,9.00,4.50
1999-09-26 06:38:38.700,39.02000,27.92000,9.00,4.10
2000-04-23 13:53:32.500,38.08000,27.77000,0.00,4.10
2000-06-29 14:15:28.400,38.66000,26.25000,21.00,4.00
2000-09-08 05:46:47.100,39.38000,27.63000,9.00,4.20
2001-05-20 04:30:19.000,38.80000,26.20000,8.00,4.00
2001-05-24 03:18:08.300,39.35000,27.84000,7.00,4.10
2001-06-22 11:54:50.600,39.38000,27.90000,7.00,5.00
2001-06-23 12:18:21.500,39.32000,27.90000,11.00,4.20
2001-06-26 17:19:43.200,38.65000,26.33000,8.00,4.00
2002-01-21 14:34:23.900,38.67000,27.83000,11.00,4.30
2002-03-01 12:01:24.900,38.31000,28.10000,9.00,4.00
2002-03-01 15:47:59.600,38.36000,28.12000,8.00,4.10
2002-05-19 10:45:57.400,38.48000,26.52000,17.00,4.20
2002-05-23 04:48:00.700,38.74000,26.47000,14.00,4.30
2002-06-06 05:09:59.800,39.06000,28.01000,8.00,4.30
2002-07-09 22:39:15.400,39.31000,27.84000,8.00,4.30
2002-09-04 13:35:51.500,38.28000,27.28000,11.00,4.20
2003-03-20 12:25:34.600,39.97000,28.74000,12.00,4.30
2003-04-10 00:40:15.400,38.21000,26.79000,11.00,5.80
2003-04-10 00:53:48.300,38.20000,26.79000,8.00,4.20
2003-04-17 22:34:24.700,38.24000,26.86000,6.00,5.20
2003-05-04 11:00:35.000,38.20000,26.93000,8.00,4.40
2003-06-13 10:28:56.600,39.30000,28.20000,10.00,4.10
2003-06-22 23:46:20.500,39.02000,28.03000,11.00,4.60
2003-07-23 04:56:03.500,38.14000,28.86000,4.00,5.20
2003-07-26 01:00:57.300,38.11000,28.87000,6.00,4.70
2003-07-26 08:36:49.800,38.11000,28.89000,7.00,5.10
2003-07-26 13:31:36.000,38.14000,28.85000,5.00,4.70
2003-08-12 08:21:50.000,38.13000,28.83000,6.00,4.10
2003-12-16 10:41:09.200,38.96000,26.81000,14.00,4.30
2003-12-23 12:23:36.900,39.88000,29.24000,13.00,4.60
2003-12-23 13:07:45.300,39.86000,29.24000,9.00,4.00
2004-03-24 04:37:40.100,38.91000,26.74000,16.00,4.20
2004-04-17 03:38:40.400,39.14000,29.48000,6.00,4.10
2004-10-28 17:15:36.000,38.95000,26.66000,10.00,4.00
2004-11-05 17:30:22.000,39.21000,27.72000,8.00,4.50
2004-12-02 15:51:48.000,39.26000,27.96000,11.00,4.50
2005-01-13 11:00:47.800,39.19000,27.72000,13.00,4.10
2005-01-29 14:48:02.340,38.23170,29.68800,6.90,4.10
2005-01-29 18:52:25.800,38.18000,26.64000,5.00,4.50
2005-06-20 19:50:04.200,39.72000,29.13000,13.00,4.30
2005-08-03 23:52:58.300,39.37000,26.92000,18.00,4.10
2005-08-30 17:39:46.400,39.14000,27.89000,17.00,4.10
2005-10-17 05:45:16.600,38.14550,26.52870,10.10,5.70
2005-10-17 05:59:21.780,38.17530,26.56270,20.20,4.10
2005-10-17 06:16:04.860,38.14520,26.60350,8.60,4.20
2005-10-17 07:05:47.610,38.14520,26.60530,15.30,4.30
2005-10-17 08:28:52.170,38.19170,26.60750,15.30,4.60
2005-10-17 08:34:43.880,38.13180,26.58550,15.00,4.70
2005-10-17 09:46:53.970,38.15700,26.52680,9.10,5.80
2005-10-17 09:55:29.900,38.15000,26.58000,17.00,5.30
2005-10-17 09:58:38.300,38.14000,26.61000,30.00,4.50
2005-10-17 10:07:55.100,38.12000,26.75000,15.00,4.20
2005-10-17 11:17:43.800,38.16000,26.69000,14.00,4.00
2005-10-17 11:52:21.300,38.18000,26.58000,18.00,4.10
2005-10-17 12:22:32.440,38.13730,26.71550,7.90,4.00
2005-10-17 12:43:27.100,38.12000,26.56000,11.00,4.40
2005-10-17 13:16:42.700,38.21000,26.66000,14.00,4.00
2005-10-17 13:22:48.920,38.16480,26.55770,16.10,4.30
2005-10-17 14:53:20.800,38.07000,26.71000,6.00,4.10
2005-10-17 23:13:15.310,38.16470,26.57020,10.70,4.00
2005-10-18 16:00:47.100,38.16000,26.55000,14.00,4.40
2005-10-18 22:49:27.200,38.15000,26.68000,15.00,4.00
2005-10-19 10:11:30.900,38.17000,26.70000,14.00,4.60
2005-10-19 15:24:45.200,38.14000,26.70000,12.00,4.00
2005-10-20 21:40:01.410,38.18120,26.59400,8.00,5.90
2005-10-20 21:44:02.200,38.10000,26.67000,20.00,4.30
2005-10-20 22:02:02.740,38.20780,26.61870,18.10,4.00
2005-10-20 22:15:54.500,38.16000,26.59000,10.00,4.00
2005-10-20 22:27:20.700,38.14000,26.70000,13.00,4.00
2005-10-20 23:16:48.800,38.17000,26.60000,13.00,4.00
2005-10-21 01:19:10.020,38.13220,26.61450,5.40,4.00
2005-10-21 11:47:36.000,38.13000,26.52000,13.00,4.40
2005-10-24 21:15:36.300,38.18000,26.57000,15.00,4.00
2005-10-28 19:49:59.970,38.14380,26.73430,5.50,4.00
2005-10-29 14:48:41.400,38.10000,26.64000,13.00,4.50
2005-10-29 19:49:28.630,38.13350,26.65680,5.50,4.10
2005-10-31 05:26:38.000,38.13000,26.58000,6.00,4.80
2005-10-31 06:48:20.500,38.11000,26.59000,6.00,4.10
2005-11-02 04:27:11.060,38.17300,26.51420,15.60,4.10
2005-11-05 15:27:12.700,38.17000,26.58000,12.00,4.10
2005-11-10 20:09:54.500,38.15000,26.59000,12.00,4.00
2005-11-16 05:41:14.610,38.11780,26.55580,12.00,4.20
2005-12-24 03:56:07.300,38.80000,27.78000,14.00,4.30
2006-04-13 16:18:33.880,38.19320,26.52170,8.10,4.30
2006-06-12 08:07:04.580,38.17150,26.64120,8.30,4.20
2006-07-12 14:40:55.910,38.76120,26.67720,23.40,4.20
2006-07-13 00:15:29.790,38.81170,26.69880,17.20,4.00
2006-07-13 22:46:52.330,38.78620,26.75230,24.80,4.00
2007-01-23 21:21:57.010,38.12120,28.75100,3.60,4.50
2007-06-10 08:15:09.500,38.86000,26.31000,17.00,4.00
2007-06-12 13:12:59.100,38.90000,26.39000,10.00,4.10
2007-07-29 05:43:00.900,38.87200,27.74130,10.50,4.00
2007-09-09 05:14:56.860,38.82770,26.39720,10.50,4.40
2007-09-20 06:18:51.860,39.22520,29.41920,5.30,4.00
2007-09-29 22:35:09.390,39.75770,27.75530,8.20,4.00
2007-10-25 05:02:02.770,39.33650,27.73320,7.90,4.40
2007-11-11 03:23:29.000,38.29000,26.46000,7.00,4.00
2007-11-18 10:48:23.680,38.95670,29.83450,5.40,4.10
2007-12-10 21:50:06.400,38.77280,27.71050,14.20,4.20
2008-01-05 05:11:00.300,38.61000,26.95000,12.00,4.30
2008-01-12 15:06:43.950,38.89020,26.01430,12.00,4.70
2008-01-15 07:44:25.210,38.91430,26.05650,8.60,4.10
2008-03-15 11:52:12.730,39.05050,27.83150,13.40,4.20
2008-07-20 10:15:25.570,38.73430,26.54430,10.00,4.00
2008-09-11 23:12:42.740,39.76580,26.03030,9.00,4.10
2008-09-30 07:30:00.830,38.98570,29.86470,5.40,4.60
2009-02-17 05:28:19.350,39.10930,29.04050,7.60,5.00
2009-05-07 23:46:42.860,39.29550,27.93320,6.00,4.10
2009-08-30 00:42:24.700,38.48000,26.29000,14.00,4.20
2009-08-31 21:49:54.080,38.67430,26.34980,17.50,4.00
2009-09-15 09:23:47.450,39.09450,29.04470,10.20,4.00
2010-01-25 01:10:17.800,38.85000,26.92000,13.00,4.00
2010-03-02 00:43:13.800,39.16000,29.02000,8.00,4.40
2010-03-02 00:59:43.080,39.13470,29.09400,6.40,4.30
2010-03-26 18:35:52.980,38.15350,26.22070,11.20,4.90
2010-03-26 19:25:36.090,38.11480,26.20470,5.20,4.20
2010-08-12 02:23:04.230,39.69430,27.54470,12.50,4.90
2011-05-19 20:15:22.940,39.15530,29.08930,6.90,5.80
2011-05-19 20:25:31.990,39.12530,29.08830,5.00,4.60
2011-05-19 20:41:44.560,39.10380,29.12730,5.00,4.00
2011-05-19 20:43:30.760,39.12380,29.09020,5.00,4.00
2011-05-19 21:12:50.850,39.11170,29.03800,5.60,4.60
2011-05-19 21:21:29.090,39.11270,29.01800,5.00,4.50
2011-05-19 21:33:10.910,39.14570,29.10620,4.50,4.40
2011-05-20 00:13:07.350,39.11650,29.13870,5.00,4.10
2011-05-20 00:58:32.510,39.10380,29.09030,5.00,4.50
2011-05-24 02:55:29.340,39.09620,29.01950,8.30,4.20
2011-05-27 07:43:37.660,39.11870,29.04100,8.60,4.50
2011-05-28 05:47:16.880,39.11620,29.02130,7.50,4.80
2011-05-28 07:35:31.260,39.10620,29.12400,7.60,4.00
2011-05-28 18:06:46.880,39.10580,29.03780,5.00,4.10
2011-05-29 01:31:39.460,39.12430,29.08100,9.90,4.60
2011-06-04 13:51:06.100,39.12300,29.09580,5.40,4.20
2011-06-05 21:29:12.570,39.15930,29.09880,8.10,4.00
2011-06-10 22:47:04.880,39.08700,28.35980,13.90,4.60
2011-06-27 21:13:58.610,39.11600,29.01520,8.80,4.70
2011-06-27 21:28:51.000,39.10120,29.03420,5.40,4.40
2011-06-27 22:24:50.890,39.10430,28.98880,4.90,4.00
2011-06-27 23:41:40.670,39.07430,28.99550,8.30,4.00
2011-06-29 11:40:47.970,39.12470,29.01970,4.50,4.00
2011-07-03 14:16:28.830,39.11670,29.02150,5.40,4.00
2011-07-13 01:31:49.020,39.12200,29.03350,5.00,4.20
2011-07-17 19:51:50.130,39.11970,29.09550,9.50,4.10
2011-07-19 21:16:52.700,39.11900,29.06170,2.70,4.40
2011-08-25 04:19:23.500,39.16720,29.11520,7.10,4.30
2011-12-05 08:17:27.270,38.85220,26.34400,10.30,5.00
2011-12-05 08:30:25.030,38.86750,26.35300,8.50,4.10
2012-02-08 19:57:26.130,39.23270,27.84470,8.90,4.20
2012-02-20 06:34:27.070,38.13550,27.48500,9.10,4.40
2012-02-24 01:00:04.560,39.60380,26.02180,7.40,4.00
2012-03-23 12:37:52.760,39.59920,26.04530,7.30,4.00
2012-04-16 10:10:46.600,39.13750,29.13120,5.30,4.80
2012-04-16 10:11:09.810,39.13750,29.15070,6.10,4.70
2012-04-16 12:19:02.940,39.14850,29.13700,5.30,4.00
2012-04-17 20:45:17.410,39.13500,29.09650,6.40,4.30
2012-04-19 19:52:41.550,39.12930,29.14670,2.90,4.60
2012-04-20 16:39:16.090,39.16680,29.08780,6.60,4.20
2012-04-23 16:14:37.160,39.10920,29.13970,5.40,4.20
2012-04-26 22:05:34.370,39.13500,29.06980,8.40,4.90
2012-05-01 14:48:28.560,38.66030,26.67880,11.80,5.00
2012-05-02 00:02:41.630,38.64650,26.63770,12.50,4.40
2012-05-02 06:40:01.450,38.65920,26.67300,11.70,4.50
2012-05-02 06:48:23.640,38.66700,26.65250,11.40,4.10
2012-05-02 11:37:07.500,38.66680,26.66050,6.10,4.00
2012-05-03 01:57:48.270,38.65650,26.67650,8.00,4.30
2012-05-03 15:20:26.070,39.17580,29.09270,5.60,5.10
2012-05-03 15:24:14.540,39.12600,29.17180,5.00,4.00
2012-05-03 15:25:27.380,39.09030,29.07980,4.40,4.20
2012-05-03 16:16:04.280,39.12370,29.07370,2.60,4.40
2012-05-03 17:10:10.010,39.16530,29.09250,6.80,4.40
2012-05-03 21:45:17.350,39.14720,29.08400,11.60,4.70
2012-05-04 02:00:35.710,39.10800,29.12920,8.70,4.50
2012-05-09 17:49:31.650,39.15630,29.14350,5.90,4.40
2012-06-11 03:49:03.360,39.10370,29.14450,4.90,4.00
2012-06-13 06:40:31.720,39.11000,29.15430,9.20,4.30
2012-06-19 01:46:13.350,39.14320,29.15200,10.50,4.90
2012-07-04 08:45:28.690,39.94170,27.84220,12.80,4.40
2012-08-03 10:18:20.150,38.69770,28.02600,7.40,4.60
2012-08-04 02:23:50.710,38.68220,28.05470,8.90,4.20
2012-08-07 23:17:37.790,38.69570,28.05530,9.70,4.00
2012-08-07 23:57:37.430,38.68670,28.06470,10.60,4.10
2012-08-27 00:35:08.660,38.75270,26.05980,11.20,4.00
2012-09-13 08:35:28.080,38.68550,27.76730,4.60,4.30
2012-10-30 00:12:35.270,39.12400,29.13380,13.00,4.00
2013-05-29 14:43:31.640,39.14330,29.10030,4.00,4.40
2013-07-24 20:51:24.160,38.98400,26.10630,14.30,4.00
2013-08-07 05:20:31.810,39.20020,29.45380,9.50,4.20
2014-01-10 07:20:46.640,39.46370,27.95880,12.00,4.10
2014-01-13 10:51:26.520,39.78330,26.13280,7.80,4.00
2014-07-15 12:25:52.460,39.17670,29.08770,5.00,4.00
2014-11-26 00:04:47.100,39.33570,29.04250,5.00,4.00
2014-11-28 02:30:06.800,39.34650,29.01650,3.90,4.60
2014-12-04 21:16:29.040,38.59470,26.10670,16.70,4.20
2014-12-06 01:45:06.580,38.89170,26.26030,13.70,5.10
2014-12-06 06:20:53.820,38.89120,26.26020,15.20,4.90
2014-12-06 08:36:46.950,38.89370,26.23720,13.50,4.00
2014-12-29 08:06:22.860,38.89120,26.28250,11.60,4.60
2015-01-10 04:32:08.340,38.21280,27.05100,14.40,4.10
2015-01-19 22:59:51.480,39.39830,26.33380,13.40,4.20
2015-07-06 01:03:47.420,38.25270,26.58050,20.30,4.10
2015-09-03 08:23:19.650,39.14850,29.13100,10.50,4.00
2015-09-10 08:12:45.670,38.83950,26.27780,15.40,4.70
2015-09-22 07:11:10.920,39.14950,29.12920,11.70,4.10
2015-10-13 23:18:10.480,39.14070,29.02980,10.40,4.20
2015-10-26 20:07:59.750,39.79030,26.26670,6.70,4.60
2016-02-06 10:26:09.330,38.77680,27.78800,6.20,4.00
2016-04-06 13:50:20.980,38.54680,26.72370,18.00,4.00
2016-04-27 17:11:24.010,38.95270,26.02370,8.20,4.00
2016-06-05 20:26:19.160,38.61030,26.70070,16.40,4.20
2016-07-02 23:14:07.700,38.76270,27.80180,11.40,4.00
2016-07-03 18:05:42.550,38.77850,27.79230,12.30,4.10
2016-09-12 08:26:04.270,38.89770,27.74330,14.00,5.00
2016-09-12 09:29:37.310,38.89420,27.73230,13.10,4.60
2016-09-12 10:05:35.620,38.88750,27.72050,10.50,4.00
2016-10-09 06:21:00.240,39.00800,27.71980,12.70,4.00
2016-10-15 02:49:15.190,38.92700,27.71770,11.70,4.30
2016-10-15 02:51:03.430,38.93930,27.70600,8.40,4.40
2017-01-14 22:38:59.390,39.54550,26.12350,10.60,4.70
2017-01-15 04:03:19.530,39.54820,26.13000,11.60,4.20
2017-01-30 06:56:16.700,39.59600,26.42430,8.30,4.00
2017-02-06 03:51:39.800,39.54530,26.10870,11.00,5.20
2017-02-06 04:17:28.740,39.54130,26.10150,11.70,4.10
2017-02-06 10:58:01.230,39.52480,26.09970,13.90,5.10
2017-02-06 11:45:00.870,39.53130,26.09380,12.60,4.30
2017-02-07 02:24:02.900,39.52350,26.12420,12.70,5.20
2017-02-07 05:15:50.570,39.52530,26.14700,11.60,4.30
2017-02-07 05:17:08.170,39.53650,26.16430,5.40,4.50
2017-02-07 21:00:53.630,39.53070,26.15030,11.40,4.30
2017-02-07 21:34:59.110,39.53520,26.14430,8.70,4.10
2017-02-07 22:53:28.920,39.51770,26.06600,15.60,4.10
2017-02-08 01:38:03.230,39.53100,26.14280,10.40,4.50
2017-02-08 02:16:13.610,39.53580,26.13950,10.60,4.10
2017-02-09 10:13:10.200,39.54220,26.06650,11.70,4.10
2017-02-10 08:55:25.260,39.51820,26.14880,11.30,4.70
2017-02-11 22:01:13.570,39.55550,26.12830,9.20,4.00
2017-02-12 12:14:49.160,39.54630,26.05930,10.50,4.00
2017-02-12 13:48:15.210,39.49970,26.11670,13.30,5.20
2017-02-16 00:18:59.870,39.52050,26.05470,13.70,4.50
2017-02-23 01:55:13.660,39.56100,26.09400,7.90,4.30
2017-02-28 23:27:33.410,39.48470,26.06370,11.20,4.50
2017-03-20 07:00:17.920,39.54770,26.11130,4.30,4.20
2017-03-24 15:19:05.710,39.54900,26.09730,11.70,4.10
2017-04-02 05:32:42.410,38.64300,27.56900,9.50,4.20
2017-04-04 13:00:38.130,38.61200,27.60170,4.00,4.10
2017-04-05 22:08:11.080,38.62520,27.57250,10.60,4.10
2017-04-19 11:23:11.910,38.58680,27.68470,2.10,4.20
2017-04-19 11:24:58.670,38.64720,27.59720,5.00,4.00
2017-04-19 16:44:39.410,38.62670,27.59520,4.90,4.00
2017-04-20 14:11:24.920,39.41070,28.45420,6.40,4.20
2017-04-21 13:09:20.590,38.80030,29.05650,7.20,4.90
2017-04-21 14:12:20.960,38.65130,27.60080,13.10,4.90
2017-05-27 15:53:23.180,38.73900,27.82970,11.80,5.10
2017-05-28 02:14:58.750,38.73300,27.79470,10.10,4.40
2017-05-28 02:16:41.130,38.75050,27.84470,7.80,4.40
2017-05-28 02:50:25.590,38.72000,27.78450,9.40,4.80
2017-05-28 02:52:55.500,38.74250,27.79300,10.90,4.90
2017-05-28 03:02:00.360,38.69020,27.79080,7.20,4.10
2017-05-28 04:38:19.480,38.73750,27.79350,10.60,4.50
2017-05-28 07:34:01.180,38.74620,27.78280,6.00,4.30
2017-05-28 08:49:47.630,38.75980,27.80380,8.30,4.30
2017-05-28 11:04:58.570,38.72720,27.77380,8.70,4.90
2017-06-12 12:28:37.530,38.84680,26.32520,14.40,6.10
2017-06-12 12:31:39.980,38.96900,26.15170,13.90,4.30
2017-06-12 14:19:46.880,38.84980,26.33880,15.30,4.20
2017-06-12 15:25:02.180,38.87970,26.24880,16.80,4.00
2017-06-12 16:30:14.910,38.83270,26.33600,9.60,4.10
2017-06-12 18:25:41.520,38.89650,26.15220,24.10,4.00
2017-06-12 18:29:28.030,38.82370,26.31880,11.20,4.00
2017-06-13 03:19:57.800,38.83880,26.39820,10.20,4.10
2017-06-14 04:35:54.160,38.84830,26.34230,15.70,4.00
2017-06-16 09:46:17.870,38.26720,26.44150,7.80,4.10
2017-06-16 13:25:49.600,38.79770,26.41520,5.00,4.20
2017-06-17 03:40:36.850,38.91830,26.24330,12.70,4.60
2017-06-17 19:33:32.460,38.83700,26.46230,14.00,4.30
2017-06-17 19:50:04.470,38.85080,26.44650,12.70,5.40
2017-06-22 02:48:52.400,38.82650,26.46870,15.00,4.80
2017-06-22 08:56:33.660,38.65530,27.52650,11.30,4.10
2017-07-05 07:26:05.220,38.63150,27.58830,11.00,4.20
2017-08-05 03:20:51.500,38.95300,26.62020,10.70,4.40
2017-08-13 08:51:47.150,38.79920,27.80480,8.50,4.10
2017-09-09 11:39:19.400,38.92200,26.67850,11.70,4.10
2017-09-16 08:12:41.000,39.43100,26.37500,11.90,4.20
2017-09-22 04:20:21.270,38.95630,26.26550,8.50,4.20
2017-11-11 08:56:37.740,38.85300,27.46980,17.50,4.10
2017-11-19 09:14:47.390,38.71900,26.30700,8.40,4.10
2017-12-25 05:13:50.000,38.57500,26.73580,17.50,4.60
2018-01-14 11:56:17.800,39.56050,26.00970,7.00,4.00
2018-05-03 02:04:33.410,39.97970,26.92430,12.70,4.20
2018-06-27 01:00:48.470,38.82830,26.40580,11.80,4.10
2018-09-06 23:53:33.630,38.90130,26.43080,13.30,4.00
2018-09-07 22:34:34.690,38.89230,26.44330,11.00,4.00
2018-10-28 08:15:35.510,38.20080,26.85570,14.50,4.00
2018-11-07 10:38:14.490,38.78070,26.51380,11.60,4.00
2019-01-25 20:20:33.900,38.58230,27.10120,16.00,4.10
2019-01-27 03:15:41.200,39.02220,27.75670,12.80,4.10
2019-02-20 18:23:27.940,39.61730,26.40880,8.20,5.00
2019-04-29 18:02:43.270,39.39950,26.31920,11.60,4.30
2019-05-12 22:24:08.580,39.33070,27.92230,7.70,4.50
2019-08-08 08:39:07.640,38.01820,26.85680,12.90,4.80
2019-12-10 20:14:02.710,39.44520,27.92450,9.20,4.80
2019-12-10 20:24:04.930,39.45000,27.91800,9.90,4.30
2019-12-10 20:46:18.060,39.45220,27.91500,8.70,4.10
2020-01-22 14:46:30.880,38.86370,27.28900,8.90,4.00
2020-01-22 19:22:15.700,39.05770,27.83900,12.20,5.60
2020-01-22 19:25:13.240,39.07370,27.84130,12.70,4.40
2020-01-22 20:17:38.500,39.06420,27.84770,11.60,4.30
2020-01-22 21:30:10.720,39.03920,27.84050,9.60,4.00
2020-01-22 21:52:05.210,39.06570,27.85980,13.90,4.00
2020-01-22 22:39:18.050,39.02920,27.85500,12.50,4.20
2020-01-23 00:45:22.930,39.04000,27.84670,10.20,4.30
2020-01-24 03:04:38.370,39.02500,27.87480,6.60,4.00
2020-01-25 17:49:47.510,39.03880,27.83380,13.20,4.10
2020-01-28 11:26:13.610,39.10450,27.83830,13.60,5.10
2020-01-28 14:53:50.800,39.09250,27.83800,13.70,4.20
2020-01-28 20:10:26.620,39.01550,27.84980,10.60,4.50
2020-02-02 00:23:47.340,38.99900,27.85620,15.40,4.70
2020-02-02 03:25:41.980,39.07850,27.82420,13.70,4.00
2020-02-02 11:36:40.070,39.08850,27.86620,13.70,4.20
2020-02-03 21:18:03.920,38.99970,27.85220,9.90,4.00
2020-02-04 01:27:28.780,38.99600,27.86250,6.60,4.00
2020-02-04 08:43:15.480,38.98270,27.87030,10.20,4.00
2020-02-04 16:47:09.260,38.99220,27.86150,10.50,4.10
2020-02-04 17:55:23.370,38.97930,27.83970,9.40,4.70
2020-02-08 05:39:30.720,38.99650,27.85180,9.00,4.00
2020-02-18 16:09:22.340,39.10600,27.82570,13.00,5.10
2020-02-18 16:45:18.090,39.10600,27.81550,8.80,4.00
2020-02-18 21:23:09.000,39.10880,27.80300,12.70,4.30
2020-02-23 12:40:17.430,38.99570,27.87500,11.50,4.50
2020-02-24 02:43:33.350,38.99070,27.87670,10.40,5.00
2020-03-29 05:56:39.210,39.01430,27.83270,10.70,4.10
2020-04-16 02:49:09.100,39.09480,27.81870,13.00,4.40
2020-04-19 08:32:02.100,39.10430,27.80050,7.80,4.20
2020-05-29 05:40:08.400,39.09870,27.77830,7.90,4.10
2020-06-26 07:21:12.180,38.78850,27.79370,10.90,5.20
2020-07-16 18:09:25.980,38.40370,26.68500,18.40,4.40
2021-02-01 05:03:23.870,38.97480,26.04420,8.10,4.10
2021-02-01 05:46:51.810,38.95350,26.06430,13.70,4.90
2021-02-01 05:47:52.920,38.97730,26.07430,5.00,4.90
2021-02-01 06:00:04.590,38.95570,26.05680,11.00,4.60
2021-02-01 06:34:10.740,38.96380,26.04270,6.70,4.00
2021-02-01 08:35:16.640,38.96070,26.02020,13.70,5.20
2021-02-01 13:10:15.060,38.94880,26.06100,10.00,4.70
2021-02-01 20:46:15.200,38.97650,26.04400,13.50,4.70
2021-02-06 16:09:14.980,38.94120,26.05570,9.20,4.20
2021-02-06 18:22:47.620,38.94280,26.05680,8.70,4.10
