datetime,lat,lon,depth,magnitude,timestamp
1901-03-01 00:00:01.000,38.2,27.7,5.0,5.0,-2172355199.0
1903-04-04 00:00:00.000,39.0,28.0,20.0,5.6,-2106345600.0
1904-05-19 10:02:00.000,38.4,27.2,20.0,5.5,-2070799080.0
1904-08-18 20:07:00.000,38.0,27.0,30.0,6.0,-2062900380.0
1904-10-10 17:40:00.000,38.4,27.2,20.0,5.8,-2058330000.0
1904-10-22 00:00:00.000,38.0,27.0,30.0,4.8,-2057356800.0
1905-01-11 17:32:00.000,39.6,27.9,15.0,5.3,-2050295280.0
1908-04-12 00:00:00.000,38.2,27.7,9.0,5.5,-1947801600.0
1908-06-23 14:16:04.200,38.4,27.2,27.0,5.4,-1941529435.8
1908-06-23 14:45:00.000,38.4,27.2,25.0,5.3,-1941527700.0
1908-06-23 16:07:00.000,38.4,27.2,38.0,5.3,-1941522780.0
1909-01-19 04:57:00.000,38.0,26.5,60.0,6.0,-1923418980.0
1909-10-29 16:04:04.200,38.0,27.0,20.0,5.5,-1898927755.8
1916-04-26 15:56:01.000,39.2,27.0,10.0,4.3,-1694073839.0
1916-08-17 20:22:00.000,38.2,26.2,10.0,4.9,-1684294680.0
1917-08-08 03:41:10.000,39.0,27.0,15.0,4.7,-1653596330.0
1918-01-16 07:13:28.500,38.34,29.48,10.0,5.8,-1639673191.5
1919-11-18 21:54:50.300,39.26,26.71,10.0,6.7,-1581645909.7
1920-11-27 16:26:20.000,39.3,26.5,14.0,5.2,-1549265620.0
1921-07-24 19:20:00.000,38.8,26.5,22.0,5.4,-1528605600.0
1923-07-23 03:40:00.000,38.5,26.0,16.0,4.8,-1465676400.0
1923-09-11 10:14:48.000,38.0,29.5,22.0,4.8,-1461332712.0
1924-01-22 11:05:44.100,39.51,28.4,80.0,5.5,-1449838455.9
1924-04-14 00:00:00.000,39.0,27.8,15.0,4.9,-1442707200.0
1924-12-22 17:49:42.000,39.6,27.7,15.0,5.5,-1420870218.0
1925-04-29 20:03:40.000,39.6,27.7,15.0,4.8,-1409802980.0
1925-07-18 13:22:01.000,38.0,27.0,15.0,4.5,-1402915079.0
1925-07-18 16:25:01.000,38.0,27.0,15.0,4.3,-1402904099.0
1925-08-05 05:01:00.000,38.1,29.8,30.0,5.3,-1401389940.0
1925-08-07 06:46:37.000,38.1,29.8,20.0,5.9,-1401210803.0
1925-08-19 05:13:04.000,38.1,29.8,5.0,4.9,-1400179616.0
1925-09-03 09:52:00.000,38.0,29.0,15.0,4.7,-1398866880.0
1926-01-13 01:47:04.400,38.64,28.11,50.0,5.8,-1387491175.6
1926-01-13 08:08:44.100,38.53,28.19,10.0,5.8,-1387468275.9
1928-03-31 00:29:48.900,38.18,27.8,10.0,6.3,-1317684611.1
1928-03-31 01:15:01.000,38.1,27.4,15.0,5.0,-1317681899.0
1928-03-31 05:12:24.000,38.1,27.4,30.0,5.4,-1317667656.0
1928-04-02 00:00:01.000,38.1,27.4,15.0,4.4,-1317513599.0
1928-04-13 00:00:01.000,38.0,28.0,15.0,4.4,-1316563199.0
1928-05-02 21:54:32.200,39.64,29.14,10.0,6.0,-1314842727.8
1928-07-15 09:33:32.800,38.05,27.32,10.0,5.6,-1308493587.2
1929-05-08 12:27:30.000,38.0,29.5,15.0,4.7,-1282822350.0
1929-08-19 23:17:05.100,38.0,29.5,15.0,4.4,-1273884174.9
1930-01-23 03:24:01.000,38.5,26.0,5.0,4.3,-1260390959.0
1930-09-07 10:56:23.000,38.6,26.2,8.0,4.7,-1240751017.0
1931-04-26 06:24:55.000,38.5,26.2,10.0,4.8,-1220808905.0
1931-07-12 22:24:19.600,39.15,26.34,10.0,5.4,-1214098540.4
1933-05-21 20:45:01.500,38.2,26.0,5.0,4.8,-1155438898.5
1933-07-19 20:07:09.800,38.19,29.79,40.0,5.8,-1150343570.2
1934-07-14 05:40:48.000,39.5,26.0,10.0,4.5,-1119291552.0
1936-08-02 22:41:04.300,38.11,29.65,10.0,4.9,-1054430335.7
1937-05-23 10:57:30.200,38.69,27.78,10.0,5.5,-1029070949.8
1939-07-25 03:40:28.500,39.75,29.52,50.0,5.4,-960581971.5
1939-07-31 13:32:48.400,39.8,29.6,10.0,4.9,-960028031.6
1939-08-02 13:06:17.400,39.75,29.48,50.0,5.5,-959856822.6
1939-08-03 12:32:54.500,39.75,29.68,50.0,5.6,-959772425.5
1939-08-09 23:43:51.200,39.91,29.81,60.0,5.3,-959213768.8
1939-09-15 23:16:31.100,39.76,29.56,20.0,5.8,-956018608.9
1939-09-22 00:36:36.600,39.07,26.94,10.0,6.4,-955495403.4
1939-10-19 21:32:47.800,39.82,29.5,10.0,5.5,-953087232.2
1940-10-21 18:23:01.000,38.5,27.2,20.0,4.3,-921303419.0
1941-01-09 18:13:34.100,38.03,27.4,70.0,5.4,-914391985.9
1942-02-05 01:15:58.500,38.84,27.74,10.0,5.5,-880584241.5
1942-08-12 20:38:46.400,39.13,27.64,50.0,4.9,-864271273.6
1942-08-12 21:52:46.000,39.1,27.7,17.0,4.9,-864266834.0
1942-10-28 00:31:51.700,39.27,28.19,10.0,5.5,-857690888.3
1942-10-28 02:22:53.100,39.1,27.8,50.0,6.0,-857684226.9
1942-10-28 02:41:52.900,39.46,27.79,10.0,5.6,-857683087.1
1942-11-15 17:01:22.900,39.55,28.58,10.0,6.0,-856076317.1
1943-04-14 08:15:40.900,39.62,29.64,40.0,5.3,-843147859.1
1943-07-09 05:21:01.000,38.6,26.5,15.0,4.5,-835727939.0
1944-06-25 04:16:25.600,38.79,29.31,40.0,6.0,-805319014.4
1944-06-25 06:57:49.500,38.97,29.87,40.0,5.6,-805309330.5
1944-10-06 02:34:48.700,39.48,26.56,40.0,6.5,-796425911.3
1944-10-06 07:28:26.200,39.37,26.06,40.0,5.2,-796408293.8
1944-10-07 21:34:25.400,39.22,26.58,10.0,5.4,-796271134.6
1945-10-09 03:14:01.000,38.0,26.0,15.0,4.6,-764628359.0
1948-01-13 14:30:24.000,38.1,28.8,30.0,4.9,-693221376.0
1948-08-10 13:27:09.400,38.48,28.94,80.0,5.2,-675081170.6
1949-01-04 20:30:00.000,38.9,27.9,14.0,4.7,-662355000.0
1949-02-05 00:28:22.400,39.89,29.35,40.0,5.3,-659662297.6
1949-05-21 17:41:12.000,38.6,26.3,8.0,4.9,-650528328.0
1949-07-23 15:03:33.200,38.57,26.29,10.0,6.4,-645094586.8
1949-07-30 17:47:12.900,38.62,26.45,40.0,4.9,-644479967.1
1949-08-01 15:29:01.000,38.6,26.3,5.0,4.9,-644315459.0
1949-08-22 00:00:01.000,38.5,26.3,5.0,4.4,-642556799.0
1949-11-23 16:51:05.400,38.75,26.36,60.0,5.4,-634460934.6
1950-05-03 07:13:48.300,38.67,27.06,40.0,5.2,-620585171.7
1950-11-28 17:53:23.700,39.73,28.05,40.0,5.3,-602489196.3
1952-01-26 02:50:00.000,39.1,26.9,30.0,4.8,-565909800.0
1952-03-19 01:27:28.600,39.6,28.64,40.0,5.5,-561335551.4
1953-03-18 19:06:16.100,39.99,27.36,10.0,6.8,-529822423.9
1953-03-18 21:18:09.900,39.96,27.59,30.0,5.5,-529814510.1
1953-03-19 21:13:58.100,39.88,27.35,10.0,5.3,-529728361.9
1953-03-26 15:10:30.400,39.94,27.48,10.0,4.9,-529145369.6
1953-04-01 01:47:38.600,39.97,27.45,20.0,4.8,-528675141.4
1953-04-13 23:15:18.000,38.0,27.0,5.0,4.7,-527561082.0
1953-05-01 20:06:45.100,38.41,26.75,70.0,5.0,-526017194.9
1953-05-02 05:41:55.900,38.48,26.67,40.0,5.2,-525982684.1
1953-05-02 10:06:43.000,38.7,26.5,25.0,4.7,-525966797.0
1953-05-02 18:37:44.300,38.51,26.55,60.0,5.3,-525936135.7
1953-05-14 13:00:24.000,38.7,26.5,24.0,4.9,-524919576.0
1953-06-09 16:28:02.500,39.34,28.21,20.0,4.6,-522660717.5
1953-07-22 15:09:37.700,39.24,28.43,10.0,5.4,-518950222.3
1956-07-18 09:46:52.500,39.96,27.3,60.0,4.7,-424620787.5
1956-11-20 23:21:00.800,39.36,26.4,70.0,5.5,-413771939.2
1957-10-11 07:33:04.600,39.32,28.19,10.0,5.2,-385748815.4
1958-09-03 02:58:38.200,38.27,28.19,10.0,4.8,-357512481.8
1959-11-19 14:01:31.500,38.89,26.65,10.0,5.5,-319283908.5
1961-08-24 13:29:33.300,39.41,27.99,10.0,4.3,-263644226.7
1961-11-28 08:58:46.600,39.99,26.1,80.0,5.4,-255366073.4
1962-09-14 00:33:26.400,39.57,28.17,40.0,4.7,-230340393.6
1963-04-28 00:41:52.100,39.32,27.82,30.0,4.9,-210813487.9
1965-03-02 22:00:07.200,38.47,28.33,42.0,5.3,-152503192.8
1965-03-03 01:37:18.300,38.27,28.47,42.0,4.8,-152490161.7
1965-03-17 14:05:00.100,38.1,28.1,33.0,4.5,-151235699.9
1965-04-07 23:33:04.600,38.1,27.7,33.0,4.4,-149387215.4
1965-09-02 05:29:02.700,39.7,27.1,10.0,4.4,-136665057.3
1965-09-19 14:03:03.000,38.9,27.95,10.0,4.6,-135165417.0
1965-09-30 19:36:04.100,38.8,28.0,10.0,4.6,-134195035.9
1965-09-30 19:37:04.000,38.9,27.9,5.0,4.4,-134194976.0
1965-10-04 12:54:05.500,39.6,26.5,10.0,4.4,-133873554.5
1965-10-18 14:32:48.300,38.83,27.83,36.0,4.7,-132658031.7
1966-01-13 01:44:01.400,38.3,28.5,22.0,4.3,-125187358.6
1966-03-25 23:17:21.900,38.96,29.29,43.0,4.7,-118975358.1
1966-03-29 02:36:37.500,38.0,28.75,5.0,4.9,-118704202.5
1966-04-01 13:15:01.500,38.7,28.5,38.0,4.7,-118406698.5
1966-05-22 07:37:29.000,38.7,27.92,23.0,4.9,-114020551.0
1966-06-02 22:51:28.000,38.5,27.23,30.0,4.8,-113015312.0
1966-06-05 09:14:06.800,39.07,29.34,36.0,4.5,-112805153.2
1966-06-13 04:59:02.400,38.3,28.5,5.0,4.7,-112129257.6
1966-06-19 17:55:30.000,38.55,27.35,9.0,4.9,-111564270.0
1966-06-21 11:28:26.400,38.6,27.5,5.0,4.4,-111414693.6
1966-06-25 06:20:46.900,38.54,26.9,5.0,4.4,-111087553.1
1966-06-28 17:01:04.000,39.0,27.0,49.0,4.7,-110789936.0
1966-07-19 02:33:23.000,38.4,27.0,25.0,4.4,-109027597.0
1966-07-19 02:52:33.000,38.3,27.1,33.0,4.7,-109026447.0
1967-01-29 19:47:52.000,38.99,27.6,33.0,4.7,-92203928.0
1967-01-30 01:26:56.800,38.9,27.5,5.0,4.5,-92183583.2
1967-02-14 07:22:02.400,38.8,27.7,5.0,4.7,-90866277.6
1967-03-11 05:19:01.100,39.3,28.5,5.0,4.0,-88713658.9
1967-05-09 04:05:13.000,39.61,27.15,37.0,4.7,-83620487.0
1967-07-19 09:06:22.200,38.1,28.87,41.0,5.1,-77468017.8
1968-02-19 23:17:01.700,38.7,27.9,5.0,4.5,-58840978.3
1968-02-29 11:46:42.000,39.5,26.0,33.0,4.8,-58018398.0
1968-03-21 09:42:51.000,38.8,27.6,52.0,4.5,-56211429.0
1968-11-03 18:40:01.700,38.81,29.11,23.0,5.1,-36566398.3
1968-11-03 18:44:08.000,38.6,28.7,56.0,4.6,-36566152.0
1968-11-26 16:56:01.300,39.1,28.1,5.0,4.0,-34585438.7
1969-02-17 22:49:01.400,38.9,27.6,5.0,4.0,-27393058.6
1969-03-22 18:00:55.000,39.1,28.67,28.0,5.0,-24559145.0
1969-03-23 00:15:45.000,39.17,28.32,12.0,4.5,-24536655.0
1969-03-23 03:50:58.000,39.3,28.0,10.0,4.7,-24523742.0
1969-03-23 21:08:42.100,39.14,28.48,9.0,5.9,-24461477.9
1969-03-24 01:59:34.000,39.11,28.51,30.0,5.3,-24444026.0
1969-03-24 02:58:49.000,39.15,28.6,4.0,4.8,-24440471.0
1969-03-24 08:13:05.400,39.02,28.41,43.0,5.0,-24421614.6
1969-03-24 11:23:31.000,38.9,28.6,53.0,4.6,-24410189.0
1969-03-24 11:34:34.000,39.17,28.7,37.0,4.9,-24409526.0
1969-03-24 12:13:17.000,39.08,28.65,20.0,4.8,-24407203.0
1969-03-25 10:05:27.700,38.75,27.81,35.0,4.4,-24328472.3
1969-03-25 13:21:12.000,39.06,28.41,28.0,4.2,-24316728.0
1969-03-25 13:21:34.200,39.25,28.44,37.0,5.8,-24316705.8
1969-03-25 13:28:50.100,38.78,28.51,40.0,5.1,-24316269.9
1969-03-25 13:37:53.000,39.0,28.0,10.0,4.2,-24315727.0
1969-03-25 14:18:52.100,39.17,28.49,34.0,5.1,-24313267.9
1969-03-25 14:40:27.000,39.02,28.9,25.0,4.7,-24311973.0
1969-03-25 16:13:30.400,39.08,28.44,42.0,5.0,-24306389.6
1969-03-25 17:51:24.000,39.16,28.0,44.0,4.5,-24300516.0
1969-03-26 03:31:26.500,39.03,28.27,37.0,4.8,-24265713.5
1969-03-26 09:00:11.000,39.3,28.1,52.0,4.4,-24245989.0
1969-03-26 13:50:41.000,39.3,28.2,10.0,4.4,-24228559.0
1969-03-27 18:07:03.000,39.12,28.2,51.0,4.8,-24126777.0
1969-03-28 01:48:29.500,38.55,28.46,4.0,6.1,-24099090.5
1969-03-28 05:40:14.000,38.09,29.02,29.0,4.7,-24085186.0
1969-03-28 10:02:17.400,39.13,28.45,37.0,5.2,-24069462.6
1969-04-06 03:49:33.900,38.47,26.41,16.0,5.9,-23314226.1
1969-04-06 12:50:29.000,38.33,26.5,57.0,4.4,-23281771.0
1969-04-17 12:23:28.400,39.11,28.62,10.0,4.3,-22332991.6
1969-04-30 20:20:32.000,39.12,28.52,8.0,5.3,-21181168.0
1969-05-03 16:07:59.000,39.0,28.6,25.0,4.8,-20937121.0
1969-05-06 06:36:01.600,39.3,28.1,5.0,4.0,-20712238.4
1969-05-13 17:48:02.100,39.03,28.57,35.0,4.8,-20067117.9
1969-05-14 23:57:35.500,39.15,28.49,36.0,4.9,-19958544.5
1969-05-19 15:27:20.800,39.12,28.58,5.0,4.0,-19557159.2
1969-06-27 10:40:25.000,39.3,28.7,10.0,4.4,-16204775.0
1969-08-14 21:51:05.300,39.52,27.87,21.0,5.0,-12017334.7
1969-10-07 05:09:12.000,39.2,28.4,13.0,5.2,-7411848.0
1969-10-07 18:49:02.600,39.16,28.54,49.0,5.0,-7362657.4
1969-10-13 03:24:26.000,39.17,28.38,9.0,4.5,-6899734.0
1969-10-23 13:37:01.500,38.2,27.6,5.0,4.0,-5998978.5
1969-10-24 23:00:04.600,38.4,27.6,5.0,4.0,-5878795.4
1970-03-23 07:56:08.000,39.2,28.2,26.0,4.2,7026968.0
1970-03-28 21:02:23.500,39.21,29.51,18.0,6.2,7506143.5
1970-03-28 21:10:02.500,38.9,29.7,5.0,5.1,7506602.5
1970-03-28 21:23:28.000,38.1,29.2,33.0,5.0,7507408.0
1970-03-28 21:41:20.000,39.13,29.53,42.0,4.8,7508480.0
1970-03-28 21:59:10.900,39.28,29.46,17.0,5.1,7509550.9
1970-03-28 22:05:28.200,38.81,29.71,7.0,4.5,7509928.2
1970-03-28 22:40:15.900,39.02,29.43,43.0,4.5,7512015.9
1970-03-28 22:59:34.100,39.13,29.0,10.0,4.2,7513174.1
1970-03-28 23:11:43.400,39.15,29.56,31.0,5.5,7513903.4
1970-03-28 23:28:27.700,39.23,29.5,50.0,4.5,7514907.7
1970-03-28 23:30:52.000,38.9,29.9,10.0,4.4,7515052.0
1970-03-28 23:44:00.100,39.07,29.76,32.0,5.3,7515840.1
1970-03-29 01:28:55.000,38.8,29.5,55.0,4.2,7522135.0
1970-03-29 01:47:15.000,39.0,29.4,13.0,4.1,7523235.0
1970-03-29 01:50:30.200,39.26,28.5,33.0,4.4,7523430.2
1970-03-29 02:05:27.500,39.29,29.18,38.0,4.8,7524327.5
1970-03-29 02:40:35.400,38.92,29.7,33.0,4.6,7526435.4
1970-03-29 02:54:52.000,39.12,29.53,22.0,4.3,7527292.0
1970-03-29 03:10:46.700,39.06,29.68,37.0,4.5,7528246.7
1970-03-29 03:34:40.200,39.0,29.1,10.0,4.3,7529680.2
1970-03-29 03:55:40.500,39.36,29.51,38.0,4.8,7530940.5
1970-03-29 04:56:04.800,38.4,29.3,5.0,4.1,7534564.8
1970-03-29 06:56:24.400,39.06,29.74,29.0,5.4,7541784.4
1970-03-29 07:58:30.000,39.29,29.2,2.0,4.4,7545510.0
1970-03-29 09:00:35.700,39.08,29.5,42.0,4.4,7549235.7
1970-03-29 09:52:17.800,39.16,29.41,47.0,4.4,7552337.8
1970-03-29 14:37:19.600,38.74,27.83,56.0,4.8,7569439.6
1970-03-29 14:40:26.600,38.73,28.0,47.0,4.8,7569626.6
1970-03-29 19:11:43.000,39.14,29.42,22.0,4.9,7585903.0
1970-03-29 22:12:43.000,39.2,29.2,10.0,4.5,7596763.0
1970-03-30 00:15:44.500,38.96,29.73,55.0,4.6,7604144.5
1970-03-30 01:23:37.200,39.18,29.6,10.0,4.5,7608217.2
1970-03-30 02:22:34.000,39.14,29.8,58.0,4.4,7611754.0
1970-03-30 05:06:18.000,39.2,29.5,10.0,4.4,7621578.0
1970-03-30 05:20:03.500,39.2,29.8,5.0,4.1,7622403.5
1970-03-30 06:46:24.900,39.09,29.03,23.0,4.8,7627584.9
1970-03-30 06:49:05.000,39.43,29.4,33.0,5.0,7627745.0
1970-03-30 07:59:52.000,39.34,29.26,16.0,5.4,7631992.0
1970-03-30 08:35:18.200,39.29,29.24,36.0,4.9,7634118.2
1970-03-30 09:26:10.000,39.01,29.4,18.0,4.4,7637170.0
1970-03-30 13:48:05.000,39.34,29.13,21.0,4.6,7652885.0
1970-03-30 16:32:36.500,39.09,29.59,30.0,5.0,7662756.5
1970-03-30 20:38:05.000,39.05,29.62,28.0,4.8,7677485.0
1970-03-30 20:59:30.500,39.3,29.29,33.0,4.9,7678770.5
1970-03-30 21:42:31.000,39.03,29.9,35.0,4.4,7681351.0
1970-03-31 00:51:36.000,39.33,29.41,18.0,4.9,7692696.0
1970-03-31 01:07:55.000,39.41,29.32,25.0,4.1,7693675.0
1970-03-31 03:46:51.100,39.03,29.79,35.0,5.0,7703211.1
1970-03-31 04:10:05.000,39.01,29.2,9.0,4.4,7704605.0
1970-03-31 04:45:55.000,39.11,29.9,10.0,4.5,7706755.0
1970-03-31 05:40:44.000,39.11,29.77,9.0,4.7,7710044.0
1970-03-31 08:30:49.400,38.93,29.3,55.0,4.1,7720249.4
1970-03-31 11:57:59.900,38.89,29.73,41.0,4.8,7732679.9
1970-03-31 16:08:22.500,39.03,29.49,37.0,4.5,7747702.5
1970-03-31 21:20:34.000,39.12,29.51,20.0,4.3,7766434.0
1970-04-01 08:02:24.000,38.9,28.8,54.0,5.0,7804944.0
1970-04-01 15:56:04.600,39.32,29.27,35.0,5.1,7833364.6
1970-04-01 17:55:14.000,39.01,29.69,41.0,4.5,7840514.0
1970-04-02 00:28:32.300,39.11,29.57,28.0,4.5,7864112.3
1970-04-02 02:45:47.000,38.96,29.44,10.0,4.4,7872347.0
1970-04-02 13:05:16.000,39.04,29.2,15.0,4.4,7909516.0
1970-04-02 20:35:09.000,39.05,29.72,35.0,4.9,7936509.0
1970-04-03 12:16:45.800,38.95,29.5,10.0,4.3,7993005.8
1970-04-03 23:19:38.000,38.9,29.7,3.0,4.4,8032778.0
1970-04-04 16:48:10.000,38.9,29.9,33.0,4.7,8095690.0
1970-04-05 05:47:27.300,38.88,29.89,32.0,4.6,8142447.3
1970-04-05 12:29:47.700,39.31,29.18,10.0,4.4,8166587.7
1970-04-07 04:12:33.900,39.32,29.09,33.0,4.7,8309553.9
1970-04-07 10:55:02.000,39.0,27.8,48.0,4.3,8333702.0
1970-04-07 17:05:11.900,39.34,29.32,33.0,5.4,8355911.9
1970-04-09 09:23:16.000,39.4,27.9,15.0,4.8,8500996.0
1970-04-09 10:12:30.400,39.11,29.41,34.0,5.0,8503950.4
1970-04-09 20:43:22.000,39.21,29.35,30.0,4.3,8541802.0
1970-04-10 01:14:40.000,39.13,29.31,22.0,4.3,8558080.0
1970-04-10 23:13:49.100,39.13,29.31,10.0,4.4,8637229.1
1970-04-11 08:36:38.000,39.1,28.8,49.0,4.8,8670998.0
1970-04-11 17:24:25.000,39.09,29.76,22.0,4.9,8702665.0
1970-04-13 05:16:00.000,39.32,29.03,15.0,4.7,8831760.0
1970-04-13 05:58:15.000,39.4,28.0,33.0,4.3,8834295.0
1970-04-15 00:36:02.200,39.01,29.77,40.0,4.4,8987762.2
1970-04-15 16:27:53.000,39.27,29.7,41.0,4.2,9044873.0
1970-04-15 16:29:58.000,39.34,29.3,28.0,4.9,9044998.0
1970-04-16 01:07:02.000,39.21,29.13,17.0,4.3,9076022.0
1970-04-16 10:42:22.300,39.02,29.91,31.0,5.7,9110542.3
1970-04-16 11:43:22.300,38.98,29.95,43.0,4.9,9114202.3
1970-04-16 12:59:18.000,38.99,29.5,67.0,4.4,9118758.0
1970-04-17 20:27:22.000,38.92,29.71,51.0,4.5,9232042.0
1970-04-18 01:54:19.000,38.8,29.7,73.0,4.3,9251659.0
1970-04-18 05:37:24.000,39.22,29.38,16.0,4.4,9265044.0
1970-04-18 05:52:53.900,39.37,29.3,10.0,4.5,9265973.9
1970-04-18 12:31:09.800,38.8,29.7,45.0,4.7,9289869.8
1970-04-18 23:06:29.400,38.8,29.9,33.0,4.1,9327989.4
1970-04-19 13:29:36.500,39.03,29.76,18.0,5.8,9379776.5
1970-04-19 13:47:35.000,39.03,29.8,24.0,5.7,9380855.0
1970-04-19 14:22:01.300,38.2,29.9,5.0,4.4,9382921.3
1970-04-20 07:19:07.000,38.98,29.6,59.0,4.5,9443947.0
1970-04-20 18:00:33.000,38.84,29.92,23.0,4.4,9482433.0
1970-04-20 18:36:10.000,38.7,29.2,88.0,4.7,9484570.0
1970-04-21 07:36:58.000,39.08,29.9,25.0,4.8,9531418.0
1970-04-21 08:29:38.000,39.0,29.5,10.0,4.7,9534578.0
1970-04-21 17:12:33.000,38.9,29.7,23.0,4.6,9565953.0
1970-04-21 18:04:11.100,38.91,29.91,49.0,4.4,9569051.1
1970-04-22 04:51:00.200,38.87,29.98,36.0,4.6,9607860.2
1970-04-22 05:24:06.000,39.02,29.77,37.0,5.3,9609846.0
1970-04-22 18:38:50.100,39.08,29.43,48.0,4.9,9657530.1
1970-04-23 09:01:26.600,39.13,28.65,28.0,5.5,9709286.6
1970-04-24 00:40:01.400,39.01,29.85,32.0,5.1,9765601.4
1970-04-24 02:40:14.000,39.06,28.6,21.0,4.3,9772814.0
1970-04-24 03:33:39.300,39.01,29.7,44.0,5.4,9776019.3
1970-04-24 05:52:00.800,39.01,29.72,45.0,4.5,9784320.8
1970-04-24 16:54:00.000,39.12,28.74,37.0,4.3,9824040.0
1970-04-24 22:52:49.700,39.12,29.68,10.0,4.2,9845569.7
1970-04-25 05:52:02.600,39.0,29.56,7.0,4.0,9870722.6
1970-04-26 13:23:01.400,39.9,28.9,5.0,4.1,9984181.4
1970-04-26 15:36:06.100,39.03,29.77,5.0,4.0,9992166.1
1970-04-26 23:15:02.000,38.86,29.94,18.0,4.5,10019702.0
1970-04-27 01:54:12.600,38.94,29.81,37.0,4.7,10029252.6
1970-04-27 09:35:13.100,38.96,29.58,33.0,4.8,10056913.1
1970-04-27 10:39:12.000,38.97,29.33,17.0,4.1,10060752.0
1970-04-27 22:24:43.000,39.06,29.54,11.0,5.0,10103083.0
1970-04-28 00:22:05.700,39.17,29.7,5.0,4.1,10110125.7
1970-04-30 14:58:22.000,39.31,29.31,25.0,4.9,10335502.0
1970-04-30 16:44:47.000,39.32,29.22,24.0,5.0,10341887.0
1970-04-30 23:59:09.000,39.09,29.59,29.0,4.7,10367949.0
1970-05-06 21:02:05.000,38.93,29.94,33.0,4.3,10875725.0
1970-05-08 02:49:14.600,38.93,29.98,20.0,4.7,10982954.6
1970-05-08 10:06:21.000,38.99,29.5,38.0,4.3,11009181.0
1970-05-08 10:10:28.700,38.93,29.99,37.0,4.6,11009428.7
1970-05-10 16:07:59.000,39.0,29.1,33.0,4.8,11203679.0
1970-05-11 09:15:26.000,39.61,29.37,56.0,4.2,11265326.0
1970-05-11 09:58:47.100,39.36,29.32,10.0,4.6,11267927.1
1970-05-11 16:28:30.000,38.95,29.9,20.0,4.3,11291310.0
1970-05-12 07:41:06.800,38.6,29.3,33.0,5.3,11346066.8
1970-05-13 19:41:42.000,38.97,29.2,5.0,4.0,11475702.0
1970-05-26 05:51:51.200,38.92,29.44,59.0,4.7,12549111.2
1970-05-29 23:38:51.000,39.11,29.68,21.0,4.4,12872331.0
1970-05-30 06:43:33.400,39.23,29.42,18.0,4.1,12897813.4
1970-06-01 06:43:13.000,39.0,29.7,54.0,4.4,13070593.0
1970-06-10 05:17:15.500,39.15,29.46,43.0,4.7,13843035.5
1970-06-14 00:58:26.000,39.25,29.17,23.0,4.5,14173106.0
1970-06-18 12:40:26.700,38.9,29.9,5.0,4.0,14560826.7
1970-06-20 06:04:27.200,38.85,29.87,47.0,4.8,14709867.2
1970-06-24 08:42:02.200,39.1,28.6,5.0,4.0,15064922.2
1970-06-27 17:44:02.400,39.3,28.7,5.0,4.0,15356642.4
1970-07-10 05:36:20.000,39.16,28.6,12.0,4.3,16436180.0
1970-08-29 18:03:24.600,39.01,29.36,34.0,4.4,20801004.6
1970-09-09 05:25:58.800,38.97,29.52,33.0,5.1,21705958.8
1970-09-14 07:10:13.000,39.24,29.32,37.0,4.6,22144213.0
1970-09-15 06:28:04.800,39.7,28.54,10.0,4.0,22228084.8
1970-09-21 03:41:01.100,39.3,29.4,5.0,4.3,22736461.1
1970-10-31 04:36:11.400,39.92,26.16,10.0,4.1,26195771.4
1970-11-15 03:14:56.400,39.32,29.28,5.0,4.0,27486896.4
1970-12-13 20:18:04.600,39.1,29.6,5.0,4.0,29967484.6
1970-12-17 02:17:05.000,39.27,29.4,26.0,4.7,30248225.0
1970-12-20 11:01:46.800,39.36,29.24,26.0,5.3,30538906.8
1970-12-21 00:22:25.000,39.09,29.41,27.0,4.3,30586945.0
1970-12-26 13:34:31.700,39.1,29.5,5.0,4.0,31066471.7
1971-01-22 10:32:43.900,38.75,29.34,5.0,4.3,33388363.9
1971-02-15 08:19:57.100,39.19,29.36,32.0,5.2,35453997.1
1971-02-23 19:41:23.000,39.62,27.32,10.0,5.3,36186083.0
1971-04-10 13:21:53.600,38.83,29.14,20.0,4.9,40137713.6
1971-04-13 12:52:38.700,39.03,29.8,41.0,5.4,40395158.7
1971-04-27 17:19:57.900,38.91,29.06,14.0,4.9,41620797.9
1971-04-30 16:44:03.600,39.19,28.52,5.0,4.3,41877843.6
1971-05-06 04:24:35.700,39.04,29.75,34.0,5.0,42351875.7
1971-05-10 07:32:32.700,38.87,29.62,10.0,4.2,42708752.7
1971-05-23 14:03:18.900,39.96,28.72,3.0,4.6,43855398.9
1971-05-25 05:43:26.100,39.05,29.71,16.0,6.0,43998206.1
1971-05-25 05:53:28.600,39.05,29.69,13.0,4.6,43998808.6
1971-05-25 06:18:45.700,38.89,29.74,33.0,4.7,44000325.7
1971-06-10 09:31:53.900,39.02,29.63,33.0,5.3,45394313.9
1971-08-07 17:07:24.500,38.87,29.91,20.0,4.8,50432844.5
1971-10-03 07:44:27.700,38.94,29.92,26.0,4.9,55323867.7
1971-10-05 18:53:09.900,38.93,29.61,30.0,4.8,55536789.9
1971-10-06 23:16:04.800,38.06,27.27,10.0,4.2,55638964.8
1971-11-06 19:43:47.500,39.02,29.78,16.0,5.3,58304627.5
1971-12-02 09:40:58.400,39.23,26.45,35.0,4.7,60514858.4
1971-12-16 16:42:01.600,39.52,27.78,10.0,4.3,61749721.6
1971-12-18 00:43:08.000,39.5,29.1,5.0,4.3,61864988.0
1972-03-14 14:05:46.600,39.32,29.47,38.0,5.6,69429946.6
1972-04-26 06:30:23.200,39.43,26.36,18.0,5.3,73117823.2
1972-04-26 15:59:44.900,39.45,26.33,25.0,5.1,73151984.9
1972-05-01 12:30:47.400,39.47,26.38,12.0,4.3,73571447.4
1972-05-09 17:40:22.200,39.46,26.37,10.0,5.0,74281222.2
1972-06-04 16:29:35.700,39.49,26.37,28.0,4.1,76523375.7
1972-06-23 17:16:03.000,39.16,29.17,20.0,4.4,78167763.0
1972-06-28 09:09:39.900,38.96,29.36,19.0,4.1,78570579.9
1972-07-27 12:08:10.900,38.97,29.95,18.0,4.3,81086890.9
1972-09-03 08:38:46.300,39.16,27.98,30.0,4.9,84357526.3
1972-09-23 03:32:49.100,39.78,28.57,5.0,4.3,86067169.1
1972-09-25 22:34:34.200,39.11,29.21,51.0,4.1,86308474.2
1972-10-04 06:14:25.800,39.14,29.44,34.0,4.8,87027265.8
1973-02-08 14:33:14.100,39.25,28.73,38.0,4.3,98029994.1
1973-02-25 14:55:22.400,38.92,29.39,18.0,4.1,99500122.4
1973-02-27 17:10:10.500,38.83,29.87,30.0,4.3,99681010.5
1973-03-02 19:30:01.000,39.2,28.1,55.0,4.2,99948601.0
1973-04-08 09:52:47.500,39.17,28.39,7.0,4.4,103110767.5
1973-04-19 22:13:54.500,38.29,26.94,17.0,4.7,104105634.5
1973-04-21 02:05:17.000,38.4,26.9,5.0,4.0,104205917.0
1973-05-12 09:31:32.800,38.89,29.21,5.0,4.5,106047092.8
1973-08-03 22:34:42.000,39.3,29.2,5.0,4.1,113265282.0
1974-01-03 07:39:47.900,39.74,26.82,29.0,4.3,126430787.9
1974-02-01 00:01:02.100,38.55,27.22,24.0,5.5,128908862.1
1974-02-07 08:46:52.000,39.7,26.88,37.0,4.3,129458812.0
1974-02-07 08:49:40.600,39.53,27.01,10.0,4.2,129458980.6
1974-02-14 09:17:14.200,38.54,27.19,36.0,4.4,130065434.2
1974-08-29 08:02:30.000,38.84,29.28,19.0,4.3,146995350.0
1974-09-07 08:33:19.200,39.67,28.61,17.0,4.2,147774799.2
1974-11-25 23:54:39.000,38.96,27.85,7.0,4.0,154655679.0
1974-12-01 11:20:12.600,39.53,26.36,10.0,4.3,155128812.6
1974-12-01 12:09:29.500,39.48,26.35,36.0,4.5,155131769.5
1975-01-26 12:36:44.600,39.29,26.45,0.0,4.2,159971804.6
1975-01-30 04:51:25.100,39.82,28.6,0.0,4.1,160289485.1
1975-01-30 16:26:18.600,39.87,28.64,0.0,4.3,160331178.6
1975-02-07 03:21:13.200,38.75,28.35,5.0,4.1,160975273.2
1975-02-09 12:36:05.000,38.71,26.16,27.0,4.3,161181365.0
1975-02-09 12:37:53.600,38.73,26.21,11.0,4.0,161181473.6
1975-02-10 19:58:24.700,39.19,28.99,0.0,4.2,161294304.7
1975-02-12 01:48:23.000,39.14,29.0,15.0,4.2,161401703.0
1975-05-30 05:13:44.800,39.12,27.68,10.0,4.0,170658824.8
1975-05-30 14:22:42.200,38.75,27.6,9.0,4.2,170691762.2
1975-09-04 04:55:16.300,38.13,27.2,0.0,4.0,179038516.3
1975-09-15 18:40:25.300,38.4,27.4,16.0,4.3,180038425.3
1976-01-21 18:15:13.000,39.11,29.61,27.0,4.0,191096113.0
1976-02-11 01:21:20.200,38.92,27.14,10.0,4.2,192849680.2
1976-02-23 10:13:28.000,39.1,28.67,16.0,4.3,193918408.0
1976-02-25 00:36:41.800,38.87,26.4,21.0,4.0,194056601.8
1976-02-26 19:32:38.100,38.24,26.38,10.0,4.4,194211158.1
1976-03-11 03:14:10.100,39.32,27.65,10.0,4.0,195362050.1
1976-03-11 03:41:46.400,39.36,27.68,10.0,4.0,195363706.4
1976-05-05 08:41:48.300,39.34,29.11,34.0,4.1,200133708.3
1976-05-07 23:05:12.900,39.23,29.16,0.0,4.1,200358312.9
1976-05-08 23:25:08.000,39.33,29.1,33.0,4.9,200445908.0
1976-05-09 02:55:48.800,39.26,28.8,10.0,4.2,200458548.8
1976-05-09 11:19:40.900,39.0,28.77,10.0,4.3,200488780.9
1976-05-09 15:01:19.000,39.31,29.12,20.0,4.5,200502079.0
1976-05-09 20:10:59.000,39.3,29.4,33.0,4.0,200520659.0
1976-05-10 12:01:33.000,39.28,29.17,26.0,4.4,200577693.0
1976-05-10 15:20:45.400,39.2,29.11,10.0,4.4,200589645.4
1976-05-10 23:54:11.900,39.26,29.17,33.0,5.0,200620451.9
1976-05-11 03:31:58.200,39.19,29.2,10.0,4.9,200633518.2
1976-05-12 05:11:43.000,39.33,29.16,21.0,5.1,200725903.0
1976-05-13 13:18:20.000,39.26,29.18,25.0,4.1,200841500.0
1976-05-14 11:06:15.500,39.26,29.22,10.0,4.0,200919975.5
1976-05-15 11:05:57.200,39.33,29.05,0.0,4.2,201006357.2
1976-05-21 09:37:02.000,39.28,29.16,24.0,4.5,201519422.0
1976-05-22 18:01:56.800,39.25,29.18,10.0,4.4,201636116.8
1976-05-25 18:43:27.900,39.31,29.09,14.0,4.8,201897807.9
1976-05-26 07:03:27.200,39.36,29.07,0.0,4.0,201942207.2
1976-05-28 23:02:20.300,39.26,29.17,8.0,4.5,202172540.3
1976-05-28 23:09:37.600,39.35,29.36,5.0,4.2,202172977.6
1976-05-29 03:45:29.100,39.37,29.34,3.0,4.2,202189529.1
1976-05-29 15:26:05.000,39.29,29.24,2.0,4.0,202231565.0
1976-05-31 05:10:24.600,39.48,29.1,40.0,4.9,202367424.6
1976-06-09 10:02:33.000,39.24,29.15,12.0,4.9,203162553.0
1976-06-11 00:52:36.000,39.18,29.0,11.0,4.1,203302356.0
1976-06-11 09:55:17.700,39.32,29.23,2.0,4.2,203334917.7
1976-06-14 06:52:37.000,39.34,29.27,23.0,4.7,203583157.0
1976-06-19 14:25:20.200,39.21,29.24,0.0,4.0,204042320.2
1976-07-15 12:06:57.000,39.37,29.06,11.0,4.5,206280417.0
1976-08-22 13:28:50.600,39.35,29.03,23.0,4.8,209568530.6
1976-08-25 08:38:47.000,39.3,28.8,33.0,4.1,209810327.0
1976-09-03 20:53:26.900,39.21,28.16,4.0,4.5,210632006.9
1976-09-06 14:11:38.000,39.06,29.0,11.0,4.0,210867098.0
1976-09-24 20:03:29.400,38.42,26.72,11.0,4.1,212443409.4
1976-10-01 09:23:21.200,38.46,26.9,11.0,4.1,213009801.2
1976-10-02 14:45:33.800,38.49,27.1,11.0,4.1,213115533.8
1976-10-03 00:53:48.100,38.24,26.7,19.0,4.0,213152028.1
1976-10-21 01:45:24.700,38.64,26.55,11.0,4.1,214710324.7
1976-11-12 09:51:11.300,38.54,26.74,19.0,4.7,216640271.3
1976-11-12 09:55:32.900,38.47,26.71,6.0,4.9,216640532.9
1976-11-13 11:54:48.400,38.62,26.7,33.0,4.2,216734088.4
1976-11-16 18:06:49.000,38.6,26.76,9.0,4.1,217015609.0
1976-11-17 00:48:33.900,38.52,26.78,10.0,4.2,217039713.9
1976-11-21 23:10:35.400,38.44,26.8,39.0,4.1,217465835.4
1976-12-03 10:54:39.200,38.7,27.3,1.0,4.0,218458479.2
1977-01-10 09:14:43.000,39.48,27.38,4.0,4.2,221735683.0
1977-01-25 23:54:19.000,39.41,28.3,19.0,4.2,223084459.0
1977-02-24 20:47:18.200,38.55,27.66,20.0,5.0,225665238.2
1977-03-13 20:42:23.000,39.16,26.27,10.0,4.0,227133743.0
1977-03-21 15:56:07.300,39.33,29.01,7.0,4.1,227807767.3
1977-03-23 11:55:54.000,39.63,28.65,23.0,4.5,227966154.0
1977-06-21 11:31:44.700,39.48,27.63,10.0,4.2,235740704.7
1977-07-12 02:26:32.300,39.43,29.25,10.0,4.0,237522392.3
1977-09-18 05:30:29.000,38.0,27.0,0.0,4.0,243408629.0
1977-09-25 03:44:14.000,38.02,27.82,10.0,4.3,244007054.0
1977-10-19 14:14:17.700,39.01,29.6,10.0,4.8,246118457.7
1977-10-28 00:31:52.900,38.0,28.03,10.0,4.2,246846712.9
1977-12-09 15:53:37.900,38.35,27.23,27.0,4.9,250530817.9
1977-12-09 20:36:45.800,39.36,29.13,10.0,4.3,250547805.8
1977-12-09 21:32:10.700,39.36,27.99,3.0,4.2,250551130.7
1977-12-16 07:37:29.300,38.41,27.19,24.0,5.3,251105849.3
1977-12-16 07:40:46.000,38.5,28.5,0.0,4.4,251106046.0
1977-12-16 07:44:22.200,38.47,27.28,5.0,4.2,251106262.2
1978-01-07 14:55:15.100,39.78,28.68,10.0,4.0,253032915.1
1978-01-19 12:08:17.600,38.93,27.9,10.0,4.3,254059697.6
1978-02-07 07:34:33.000,38.0,27.6,0.0,4.0,255684873.0
1978-02-24 18:47:33.800,39.21,26.39,5.0,4.3,257194053.8
1978-04-09 06:53:07.200,38.2,27.1,56.0,4.7,260952787.2
1978-04-24 01:49:33.000,38.05,27.71,10.0,4.0,262230573.0
1978-05-05 04:18:36.600,39.28,26.79,0.0,4.1,263189916.6
1978-07-08 09:24:50.900,39.68,29.42,0.0,6.0,268737890.9
1978-07-13 12:38:43.000,39.1,29.9,10.0,6.0,269181523.0
1978-09-25 23:37:18.500,38.49,27.32,44.0,4.2,275614638.5
1979-06-14 11:44:45.100,38.79,26.57,15.0,5.9,298208685.1
1979-06-14 13:00:58.500,38.69,26.74,24.0,4.4,298213258.5
1979-06-15 07:31:24.400,38.73,26.53,7.0,4.0,298279884.4
1979-06-16 18:41:59.400,38.72,26.64,11.0,5.0,298406519.4
1979-06-17 04:38:53.000,38.69,26.58,10.0,4.0,298442333.0
1979-06-17 23:08:35.900,38.72,26.61,6.0,4.6,298508915.9
1979-06-18 03:25:57.900,38.68,26.59,7.0,4.6,298524357.9
1979-06-19 23:09:56.800,38.64,26.61,21.0,4.6,298681796.8
1979-06-26 22:38:15.400,38.72,26.61,2.0,4.6,299284695.4
1979-07-18 13:12:23.000,39.66,28.65,7.0,5.2,301151543.0
1979-07-24 08:27:03.600,39.01,27.75,10.0,4.0,301652823.6
1979-08-22 11:47:29.300,38.04,28.95,10.0,4.3,304170449.3
1979-09-09 16:10:13.200,39.32,28.83,8.0,4.2,305741413.2
1979-10-14 20:38:32.500,39.35,27.94,10.0,4.2,308781512.5
1979-10-15 02:50:15.400,39.41,27.85,4.0,4.0,308803815.4
1980-02-03 09:16:39.700,39.38,28.29,2.0,4.1,318417399.7
1980-02-14 20:14:28.800,39.1,29.35,10.0,4.4,319407268.8
1980-03-02 05:32:12.400,39.26,29.39,6.0,4.6,320823132.4
1980-03-03 06:15:06.100,38.13,27.75,0.0,4.2,320912106.1
1980-04-25 17:26:05.000,38.75,26.52,15.0,4.0,325531565.0
1980-04-27 09:54:27.300,39.07,28.86,38.0,4.8,325677267.3
1980-05-03 04:26:04.600,39.14,28.98,35.0,4.1,326175964.6
1980-05-04 09:22:12.700,39.22,28.97,22.0,4.5,326280132.7
1980-07-11 12:24:27.400,38.8,29.17,0.0,4.3,332166267.4
1980-08-07 22:54:09.800,39.37,28.12,0.0,4.1,334536849.8
1980-10-27 10:08:54.700,39.26,26.07,10.0,4.0,341489334.7
1980-11-27 15:49:51.300,39.23,27.71,0.0,4.1,344188191.3
1980-12-08 06:29:12.100,38.91,27.67,0.0,4.0,345104952.1
1980-12-16 17:13:25.300,38.8,26.65,10.0,4.6,345834805.3
1980-12-19 07:49:21.500,38.02,27.65,15.0,4.7,346060161.5
1981-01-25 06:15:20.000,39.09,27.99,2.0,4.1,349251320.0
1981-04-11 19:21:19.700,38.06,26.12,10.0,4.0,355864879.7
1981-06-02 19:07:16.000,39.41,27.96,7.0,4.5,360356836.0
1981-12-28 14:52:25.500,39.33,29.12,16.0,4.4,378399145.5
1981-12-28 14:53:35.300,39.39,29.06,10.0,4.3,378399215.3
1982-02-08 11:20:09.400,39.33,29.05,13.0,4.0,382015209.4
1982-03-31 01:15:57.800,38.59,28.18,10.0,4.1,386385357.8
1982-04-16 04:48:22.500,39.54,26.08,0.0,4.1,387780502.5
1982-04-17 10:23:10.000,39.4,26.1,0.0,4.2,387886990.0
1982-04-18 23:56:06.900,38.89,28.15,10.0,4.0,388022166.9
1982-04-19 04:32:54.300,38.68,26.91,10.0,4.4,388038774.3
1982-04-20 18:32:21.300,38.76,26.93,10.0,4.3,388175541.3
1982-11-02 05:58:48.000,38.52,28.46,31.0,4.6,405064728.0
1982-12-26 17:48:01.000,39.32,28.26,5.0,4.9,409772881.0
1982-12-27 02:04:47.600,38.96,27.91,8.0,4.2,409802687.6
1982-12-27 11:02:44.300,39.34,28.27,10.0,4.8,409834964.3
1982-12-27 15:32:06.000,38.95,27.82,5.0,4.0,409851126.0
1982-12-27 19:55:24.800,39.01,27.83,17.0,4.1,409866924.8
1983-02-15 02:21:45.700,39.07,28.71,7.0,4.6,414123705.7
1983-02-23 16:53:29.700,39.17,29.29,3.0,4.0,414867209.7
1983-04-06 14:48:05.200,38.11,27.16,9.0,4.1,418488485.2
1983-06-01 14:44:32.400,38.44,26.55,22.0,4.6,423326672.4
1983-06-15 13:45:08.900,39.46,28.24,12.0,4.2,424532708.9
1983-09-23 08:32:54.000,38.83,27.07,10.0,4.0,433153974.0
1983-10-11 12:08:18.700,38.85,29.21,10.0,4.2,434722098.7
1983-10-11 20:08:18.500,38.97,29.25,0.0,4.1,434750898.5
1983-11-06 05:17:04.000,39.33,29.32,14.0,4.6,436943824.0
1984-03-01 06:39:33.000,39.25,27.98,4.0,4.0,446971173.0
1984-03-29 00:06:01.400,39.64,27.87,12.0,4.6,449366761.4
1984-03-31 13:56:43.400,39.62,28.76,4.0,4.1,449589403.4
1984-04-01 17:17:41.000,39.56,28.76,7.0,4.4,449687861.0
1984-05-30 15:00:29.300,38.85,26.71,14.0,4.1,454777229.3
1984-07-15 17:47:02.500,39.22,27.72,10.0,4.1,458761622.5
1984-08-22 23:29:21.000,38.86,26.12,10.0,4.2,462065361.0
1984-08-25 21:09:20.100,39.04,26.14,12.0,4.0,462316160.1
1984-11-07 11:39:43.700,38.91,27.8,10.0,4.3,468675583.7
1985-01-25 02:42:18.000,38.53,27.36,7.0,4.1,475468938.0
1985-02-07 13:18:45.000,39.02,29.88,36.0,4.6,476630325.0
1985-03-14 11:35:38.500,38.51,27.69,15.0,4.7,479648138.5
1985-03-29 09:24:08.400,38.8,26.57,26.0,4.8,480936248.4
1985-04-29 11:38:39.000,38.35,29.76,3.0,4.6,483622719.0
1985-05-14 04:52:18.500,39.71,26.09,26.0,4.0,484894338.5
1985-09-23 22:19:57.400,38.86,27.01,5.0,4.0,496361997.4
1985-10-04 13:36:07.800,39.2,26.21,14.0,4.2,497280967.8
1985-10-17 19:15:26.200,38.77,27.83,10.0,4.4,498424526.2
1985-10-23 06:14:32.000,38.8,27.83,12.0,4.3,498896072.0
1985-12-01 11:47:38.700,39.29,27.7,15.0,4.6,502285658.7
1985-12-18 05:46:00.800,39.2,26.17,17.0,5.0,503732760.8
1985-12-19 09:27:41.500,39.16,26.24,12.0,4.1,503832461.5
1986-05-14 03:01:25.000,39.49,28.42,8.0,4.5,516423685.0
1986-05-20 07:43:36.000,38.4,26.72,10.0,4.0,516959016.0
1986-05-27 04:44:49.600,38.88,27.53,10.0,4.0,517553089.6
1986-05-27 08:54:58.200,39.46,28.44,11.0,4.5,517568098.2
1986-06-03 19:35:54.000,39.46,28.36,9.0,4.3,518211354.0
1986-08-18 08:11:31.200,38.59,27.1,10.0,4.0,524736691.2
1986-08-19 06:03:54.400,39.04,28.79,10.0,4.7,524815434.4
1986-08-30 04:47:10.900,39.11,27.84,10.0,4.1,525761230.9
1986-09-23 08:41:25.100,39.09,27.75,14.0,4.0,527848885.1
1986-09-29 17:38:03.900,39.07,27.79,11.0,4.1,528399483.9
1986-10-12 11:13:40.000,39.66,28.97,11.0,4.4,529499620.0
1986-10-30 03:46:46.000,39.74,28.78,8.0,4.2,531028006.0
1986-11-30 05:29:18.300,38.75,27.74,14.0,4.3,533712558.3
1987-01-29 11:58:07.100,38.82,26.89,12.0,4.0,538919887.1
1987-04-25 22:11:00.000,39.3,27.92,3.0,4.2,546387060.0
1987-08-06 06:21:29.700,39.25,26.26,19.0,4.7,555229289.7
1988-01-14 18:35:54.800,39.96,29.16,8.0,4.2,569183754.8
1988-04-23 17:54:45.000,39.1,28.1,33.0,4.0,577821285.0
1988-08-04 08:25:18.000,38.86,27.0,3.0,4.5,586686318.0
1989-02-15 04:01:16.900,39.05,29.71,23.0,4.4,603518476.9
1989-05-10 03:05:28.600,39.67,27.88,10.0,4.2,610772728.6
1989-05-31 23:43:24.000,39.63,27.81,8.0,4.0,612661404.0
1989-07-16 16:48:24.000,39.12,26.6,3.0,4.5,616610904.0
1989-08-15 16:08:08.200,39.18,26.32,8.0,4.2,619200488.2
1989-08-15 17:03:30.400,39.22,26.25,10.0,4.7,619203810.4
1989-11-12 04:50:05.000,38.62,26.19,13.0,4.5,626849405.0
1989-12-23 14:59:03.000,38.3,26.54,6.0,4.6,630428343.0
1990-01-31 15:00:31.200,39.48,26.09,10.0,4.3,633798031.2
1990-02-10 19:48:01.100,39.57,27.9,10.0,4.0,634679281.1
1990-05-24 05:49:06.400,39.98,27.48,28.0,4.3,643528146.4
1990-09-13 22:05:13.200,39.54,28.53,10.0,4.3,653263513.2
1990-12-19 09:46:45.000,38.59,28.04,7.0,4.7,661600005.0
1991-02-26 22:30:47.500,38.48,26.67,14.0,4.1,667607447.5
1991-04-18 11:56:56.900,39.26,26.58,10.0,4.2,671975816.9
1991-05-14 06:30:16.500,38.93,26.05,28.0,4.1,674202616.5
1991-06-15 21:33:17.200,38.49,27.1,8.0,4.0,677021597.2
1991-06-26 11:00:36.700,39.57,27.76,12.0,4.0,677934036.7
1991-07-22 00:49:50.000,39.31,27.92,13.0,4.0,680143790.0
1991-07-28 09:02:08.400,38.65,26.71,7.0,4.0,680691728.4
1991-11-09 12:27:51.500,39.43,26.36,19.0,4.0,689689671.5
1991-11-30 15:57:54.600,39.32,28.13,10.0,4.1,691516674.6
1992-03-01 14:44:17.000,39.08,26.03,9.0,4.1,699461057.0
1992-03-01 15:09:28.000,39.04,26.01,6.0,4.0,699462568.0
1992-03-01 17:38:22.000,38.98,26.03,5.0,4.2,699471502.0
1992-03-11 01:54:43.000,39.11,26.0,3.0,4.0,700278883.0
1992-04-01 12:23:39.700,39.39,28.68,10.0,4.1,702131019.7
1992-04-03 23:45:16.200,38.6,26.64,12.0,4.1,702344716.2
1992-04-25 18:17:25.900,38.65,26.45,10.0,4.3,704225845.9
1992-05-25 14:11:34.500,39.55,26.05,24.0,4.0,706803094.5
1992-11-06 19:08:09.200,38.16,26.99,17.0,6.0,721076889.2
1992-11-06 20:05:58.800,38.03,27.06,10.0,4.7,721080358.8
1992-11-07 03:25:45.400,38.17,26.99,56.0,4.2,721106745.4
1992-11-07 04:36:35.200,38.11,27.0,10.0,4.4,721110995.2
1992-11-08 18:21:20.300,38.18,26.93,13.0,4.1,721246880.3
1992-11-08 19:28:12.000,38.14,26.91,11.0,4.0,721250892.0
1992-11-12 15:11:09.600,38.72,26.51,10.0,4.4,721581069.6
1992-11-12 15:19:10.100,38.71,26.52,10.0,4.1,721581550.1
1992-12-05 06:26:17.300,38.08,26.95,15.0,4.1,723536777.3
1992-12-10 10:18:00.900,38.12,26.88,14.0,4.0,723982680.9
1993-01-20 04:00:58.400,38.07,26.99,10.0,4.1,727502458.4
1993-03-29 18:06:33.500,38.99,26.34,17.0,4.0,733428393.5
1993-03-31 18:20:44.100,39.15,28.01,13.0,4.3,733602044.1
1993-05-21 09:01:17.700,39.77,28.95,15.0,4.2,737974877.7
1993-05-30 15:42:29.600,39.29,29.13,17.0,4.0,738776549.6
1993-06-06 18:16:11.100,39.42,28.34,6.0,4.0,739390571.1
1993-07-26 08:05:58.200,38.82,26.94,10.0,4.2,743673958.2
1993-08-26 19:50:24.900,39.1,27.83,14.0,4.0,746394624.9
1993-11-01 18:17:22.300,38.95,29.94,13.0,4.7,752177842.3
1994-01-28 15:45:24.600,38.69,27.49,5.0,5.2,759771924.6
1994-02-06 01:15:06.200,38.67,27.44,10.0,4.0,760497306.2
1994-02-19 00:20:40.900,38.85,26.94,12.0,4.1,761617240.9
1994-02-19 00:35:39.300,38.81,26.98,10.0,4.1,761618139.3
1994-02-19 04:13:04.500,38.9,26.97,8.0,4.0,761631184.5
1994-05-06 01:12:48.200,39.11,26.43,8.0,4.0,768186768.2
1994-05-24 02:05:36.200,38.66,26.54,17.0,5.3,769745136.2
1994-05-24 02:18:34.900,38.76,26.6,16.0,5.1,769745914.9
1994-05-24 03:35:33.200,38.68,26.48,14.0,4.8,769750533.2
1994-05-24 06:05:56.200,38.67,26.66,10.0,4.5,769759556.2
1994-05-25 07:37:57.500,38.73,26.45,5.0,4.1,769851477.5
1994-06-03 22:40:59.000,38.78,26.49,10.0,4.0,770683259.0
1994-07-08 23:08:40.300,39.38,29.19,33.0,4.1,773708920.3
1994-08-08 05:28:01.400,38.98,29.04,10.0,4.0,776323681.4
1994-08-09 16:59:10.900,38.83,26.58,9.0,4.4,776451550.9
1994-08-10 13:37:43.500,38.85,26.59,13.0,4.2,776525863.5
1994-10-17 10:54:14.200,39.4,26.01,19.0,4.1,782391254.2
1995-01-12 00:21:28.600,38.65,27.15,4.0,4.3,789870088.6
1995-06-21 09:53:22.100,38.76,26.73,11.0,4.0,803728402.1
1995-08-20 09:20:52.800,38.64,26.52,0.0,4.2,808910452.8
1995-10-11 00:10:10.400,38.75,26.43,24.0,4.0,813370210.4
1995-10-11 02:10:09.400,38.82,26.38,6.0,4.0,813377409.4
1996-01-30 17:41:14.500,38.54,26.77,17.0,4.4,823023674.5
1996-02-20 02:53:05.800,38.25,27.13,31.0,4.0,824784785.8
1996-02-20 03:33:14.400,38.27,27.2,28.0,4.0,824787194.4
1996-04-29 16:01:59.500,39.03,29.69,9.0,4.0,830793719.5
1996-05-20 09:09:10.300,38.25,26.84,18.0,4.0,832583350.3
1996-08-25 04:48:18.300,39.61,26.01,18.0,4.1,840948498.3
1996-09-21 03:34:23.000,38.96,27.85,0.0,4.0,843276863.0
1997-01-21 20:47:46.600,38.12,28.92,9.0,4.8,853879666.6
1997-03-14 11:45:15.700,38.08,28.94,13.0,4.0,858339915.7
1997-04-10 08:28:06.900,39.07,26.19,11.0,4.0,860660886.9
1997-10-18 09:18:53.300,39.81,28.69,17.0,4.0,877166333.3
1997-12-28 20:46:33.600,39.9,26.55,0.0,4.0,883341993.6
1998-03-05 01:45:08.900,39.55,27.25,7.0,4.4,889062308.9
1998-03-05 01:55:26.700,39.53,27.25,5.0,4.3,889062926.7
1999-06-28 00:16:49.600,38.21,26.54,5.0,4.0,930529009.6
1999-07-24 16:05:48.200,39.31,27.89,8.0,4.3,932832348.2
1999-07-25 06:56:53.100,39.33,27.89,9.0,4.5,932885813.1
1999-09-26 06:38:38.700,39.02,27.92,9.0,4.1,938327918.7
2000-04-23 13:53:32.500,38.08,27.77,0.0,4.1,956498012.5
2000-06-29 14:15:28.400,38.66,26.25,21.0,4.0,962288128.4
2000-09-08 05:46:47.100,39.38,27.63,9.0,4.2,968392007.1
2001-05-20 04:30:19.000,38.8,26.2,8.0,4.0,990333019.0
2001-05-24 03:18:08.300,39.35,27.84,7.0,4.1,990674288.3
2001-06-22 11:54:50.600,39.38,27.9,7.0,5.0,993210890.6
2001-06-23 12:18:21.500,39.32,27.9,11.0,4.2,993298701.5
2001-06-26 17:19:43.200,38.65,26.33,8.0,4.0,993575983.2
2002-01-21 14:34:23.900,38.67,27.83,11.0,4.3,1011623663.9
2002-03-01 12:01:24.900,38.31,28.1,9.0,4.0,1014984084.9
2002-03-01 15:47:59.600,38.36,28.12,8.0,4.1,1014997679.6
2002-05-19 10:45:57.400,38.48,26.52,17.0,4.2,1021805157.4
2002-05-23 04:48:00.700,38.74,26.47,14.0,4.3,1022129280.7
2002-06-06 05:09:59.800,39.06,28.01,8.0,4.3,1023340199.8
2002-07-09 22:39:15.400,39.31,27.84,8.0,4.3,1026254355.4
2002-09-04 13:35:51.500,38.28,27.28,11.0,4.2,1031146551.5
2003-03-20 12:25:34.600,39.97,28.74,12.0,4.3,1048163134.6
2003-04-10 00:40:15.400,38.21,26.79,11.0,5.8,1049935215.4
2003-04-10 00:53:48.300,38.2,26.79,8.0,4.2,1049936028.3
2003-04-17 22:34:24.700,38.24,26.86,6.0,5.2,1050618864.7
2003-05-04 11:00:35.000,38.2,26.93,8.0,4.4,1052046035.0
2003-06-13 10:28:56.600,39.3,28.2,10.0,4.1,1055500136.6
2003-06-22 23:46:20.500,39.02,28.03,11.0,4.6,1056325580.5
2003-07-23 04:56:03.500,38.14,28.86,4.0,5.2,1058936163.5
2003-07-26 01:00:57.300,38.11,28.87,6.0,4.7,1059181257.3
2003-07-26 08:36:49.800,38.11,28.89,7.0,5.1,1059208609.8
2003-07-26 13:31:36.000,38.14,28.85,5.0,4.7,1059226296.0
2003-08-12 08:21:50.000,38.13,28.83,6.0,4.1,1060676510.0
2003-12-16 10:41:09.200,38.96,26.81,14.0,4.3,1071571269.2
2003-12-23 12:23:36.900,39.88,29.24,13.0,4.6,1072182216.9
2003-12-23 13:07:45.300,39.86,29.24,9.0,4.0,1072184865.3
2004-03-24 04:37:40.100,38.91,26.74,16.0,4.2,1080103060.1
2004-04-17 03:38:40.400,39.14,29.48,6.0,4.1,1082173120.4
2004-10-28 17:15:36.000,38.95,26.66,10.0,4.0,1098983736.0
2004-11-05 17:30:22.000,39.21,27.72,8.0,4.5,1099675822.0
2004-12-02 15:51:48.000,39.26,27.96,11.0,4.5,1102002708.0
2005-01-13 11:00:47.800,39.19,27.72,13.0,4.1,1105614047.8
2005-01-29 14:48:02.340,38.2317,29.688,6.9,4.1,1107010082.34
2005-01-29 18:52:25.800,38.18,26.64,5.0,4.5,1107024745.8
2005-06-20 19:50:04.200,39.72,29.13,13.0,4.3,1119297004.2
2005-08-03 23:52:58.300,39.37,26.92,18.0,4.1,1123113178.3
2005-08-30 17:39:46.400,39.14,27.89,17.0,4.1,1125423586.4
2005-10-17 05:45:16.600,38.1455,26.5287,10.1,5.7,1129527916.6
2005-10-17 05:59:21.780,38.1753,26.5627,20.2,4.1,1129528761.78
2005-10-17 06:16:04.860,38.1452,26.6035,8.6,4.2,1129529764.86
2005-10-17 07:05:47.610,38.1452,26.6053,15.3,4.3,1129532747.61
2005-10-17 08:28:52.170,38.1917,26.6075,15.3,4.6,1129537732.17
2005-10-17 08:34:43.880,38.1318,26.5855,15.0,4.7,1129538083.88
2005-10-17 09:46:53.970,38.157,26.5268,9.1,5.8,1129542413.97
2005-10-17 09:55:29.900,38.15,26.58,17.0,5.3,1129542929.9
2005-10-17 09:58:38.300,38.14,26.61,30.0,4.5,1129543118.3
2005-10-17 10:07:55.100,38.12,26.75,15.0,4.2,1129543675.1
2005-10-17 11:17:43.800,38.16,26.69,14.0,4.0,1129547863.8
2005-10-17 11:52:21.300,38.18,26.58,18.0,4.1,1129549941.3
2005-10-17 12:22:32.440,38.1373,26.7155,7.9,4.0,1129551752.44
2005-10-17 12:43:27.100,38.12,26.56,11.0,4.4,1129553007.1
2005-10-17 13:16:42.700,38.21,26.66,14.0,4.0,1129555002.7
2005-10-17 13:22:48.920,38.1648,26.5577,16.1,4.3,1129555368.92
2005-10-17 14:53:20.800,38.07,26.71,6.0,4.1,1129560800.8
2005-10-17 23:13:15.310,38.1647,26.5702,10.7,4.0,1129590795.31
2005-10-18 16:00:47.100,38.16,26.55,14.0,4.4,1129651247.1
2005-10-18 22:49:27.200,38.15,26.68,15.0,4.0,1129675767.2
2005-10-19 10:11:30.900,38.17,26.7,14.0,4.6,1129716690.9
2005-10-19 15:24:45.200,38.14,26.7,12.0,4.0,1129735485.2
2005-10-20 21:40:01.410,38.1812,26.594,8.0,5.9,1129844401.41
2005-10-20 21:44:02.200,38.1,26.67,20.0,4.3,1129844642.2
2005-10-20 22:02:02.740,38.2078,26.6187,18.1,4.0,1129845722.74
2005-10-20 22:15:54.500,38.16,26.59,10.0,4.0,1129846554.5
2005-10-20 22:27:20.700,38.14,26.7,13.0,4.0,1129847240.7
2005-10-20 23:16:48.800,38.17,26.6,13.0,4.0,1129850208.8
2005-10-21 01:19:10.020,38.1322,26.6145,5.4,4.0,1129857550.02
2005-10-21 11:47:36.000,38.13,26.52,13.0,4.4,1129895256.0
2005-10-24 21:15:36.300,38.18,26.57,15.0,4.0,1130188536.3
2005-10-28 19:49:59.970,38.1438,26.7343,5.5,4.0,1130528999.97
2005-10-29 14:48:41.400,38.1,26.64,13.0,4.5,1130597321.4
2005-10-29 19:49:28.630,38.1335,26.6568,5.5,4.1,1130615368.63
2005-10-31 05:26:38.000,38.13,26.58,6.0,4.8,1130736398.0
2005-10-31 06:48:20.500,38.11,26.59,6.0,4.1,1130741300.5
2005-11-02 04:27:11.060,38.173,26.5142,15.6,4.1,1130905631.06
2005-11-05 15:27:12.700,38.17,26.58,12.0,4.1,1131204432.7
2005-11-10 20:09:54.500,38.15,26.59,12.0,4.0,1131653394.5
2005-11-16 05:41:14.610,38.1178,26.5558,12.0,4.2,1132119674.61
2005-12-24 03:56:07.300,38.8,27.78,14.0,4.3,1135396567.3
2006-04-13 16:18:33.880,38.1932,26.5217,8.1,4.3,1144945113.88
2006-06-12 08:07:04.580,38.1715,26.6412,8.3,4.2,1150099624.58
2006-07-12 14:40:55.910,38.7612,26.6772,23.4,4.2,1152715255.91
2006-07-13 00:15:29.790,38.8117,26.6988,17.2,4.0,1152749729.79
2006-07-13 22:46:52.330,38.7862,26.7523,24.8,4.0,1152830812.33
2007-01-23 21:21:57.010,38.1212,28.751,3.6,4.5,1169587317.01
2007-06-10 08:15:09.500,38.86,26.31,17.0,4.0,1181463309.5
2007-06-12 13:12:59.100,38.9,26.39,10.0,4.1,1181653979.1
2007-07-29 05:43:00.900,38.872,27.7413,10.5,4.0,1185687780.9
2007-09-09 05:14:56.860,38.8277,26.3972,10.5,4.4,1189314896.86
2007-09-20 06:18:51.860,39.2252,29.4192,5.3,4.0,1190269131.86
2007-09-29 22:35:09.390,39.7577,27.7553,8.2,4.0,1191105309.39
2007-10-25 05:02:02.770,39.3365,27.7332,7.9,4.4,1193288522.77
2007-11-11 03:23:29.000,38.29,26.46,7.0,4.0,1194751409.0
2007-11-18 10:48:23.680,38.9567,29.8345,5.4,4.1,1195382903.68
2007-12-10 21:50:06.400,38.7728,27.7105,14.2,4.2,1197323406.4
2008-01-05 05:11:00.300,38.61,26.95,12.0,4.3,1199509860.3
2008-01-12 15:06:43.950,38.8902,26.0143,12.0,4.7,1200150403.95
2008-01-15 07:44:25.210,38.9143,26.0565,8.6,4.1,1200383065.21
2008-03-15 11:52:12.730,39.0505,27.8315,13.4,4.2,1205581932.73
2008-07-20 10:15:25.570,38.7343,26.5443,10.0,4.0,1216548925.57
2008-09-11 23:12:42.740,39.7658,26.0303,9.0,4.1,1221174762.74
2008-09-30 07:30:00.830,38.9857,29.8647,5.4,4.6,1222759800.83
2009-02-17 05:28:19.350,39.1093,29.0405,7.6,5.0,1234848499.35
2009-05-07 23:46:42.860,39.2955,27.9332,6.0,4.1,1241740002.86
2009-08-30 00:42:24.700,38.48,26.29,14.0,4.2,1251592944.7
2009-08-31 21:49:54.080,38.6743,26.3498,17.5,4.0,1251755394.08
2009-09-15 09:23:47.450,39.0945,29.0447,10.2,4.0,1253006627.45
2010-01-25 01:10:17.800,38.85,26.92,13.0,4.0,1264381817.8
2010-03-02 00:43:13.800,39.16,29.02,8.0,4.4,1267490593.8
2010-03-02 00:59:43.080,39.1347,29.094,6.4,4.3,1267491583.08
2010-03-26 18:35:52.980,38.1535,26.2207,11.2,4.9,1269628552.98
2010-03-26 19:25:36.090,38.1148,26.2047,5.2,4.2,1269631536.09
2010-08-12 02:23:04.230,39.6943,27.5447,12.5,4.9,1281579784.23
2011-05-19 20:15:22.940,39.1553,29.0893,6.9,5.8,1305836122.94
2011-05-19 20:25:31.990,39.1253,29.0883,5.0,4.6,1305836731.99
2011-05-19 20:41:44.560,39.1038,29.1273,5.0,4.0,1305837704.56
2011-05-19 20:43:30.760,39.1238,29.0902,5.0,4.0,1305837810.76
2011-05-19 21:12:50.850,39.1117,29.038,5.6,4.6,1305839570.85
2011-05-19 21:21:29.090,39.1127,29.018,5.0,4.5,1305840089.09
2011-05-19 21:33:10.910,39.1457,29.1062,4.5,4.4,1305840790.91
2011-05-20 00:13:07.350,39.1165,29.1387,5.0,4.1,1305850387.35
2011-05-20 00:58:32.510,39.1038,29.0903,5.0,4.5,1305853112.51
2011-05-24 02:55:29.340,39.0962,29.0195,8.3,4.2,1306205729.34
2011-05-27 07:43:37.660,39.1187,29.041,8.6,4.5,1306482217.66
2011-05-28 05:47:16.880,39.1162,29.0213,7.5,4.8,1306561636.88
2011-05-28 07:35:31.260,39.1062,29.124,7.6,4.0,1306568131.26
2011-05-28 18:06:46.880,39.1058,29.0378,5.0,4.1,1306606006.88
2011-05-29 01:31:39.460,39.1243,29.081,9.9,4.6,1306632699.46
2011-06-04 13:51:06.100,39.123,29.0958,5.4,4.2,1307195466.1
2011-06-05 21:29:12.570,39.1593,29.0988,8.1,4.0,1307309352.57
2011-06-10 22:47:04.880,39.087,28.3598,13.9,4.6,1307746024.88
2011-06-27 21:13:58.610,39.116,29.0152,8.8,4.7,1309209238.61
2011-06-27 21:28:51.000,39.1012,29.0342,5.4,4.4,1309210131.0
2011-06-27 22:24:50.890,39.1043,28.9888,4.9,4.0,1309213490.89
2011-06-27 23:41:40.670,39.0743,28.9955,8.3,4.0,1309218100.67
2011-06-29 11:40:47.970,39.1247,29.0197,4.5,4.0,1309347647.97
2011-07-03 14:16:28.830,39.1167,29.0215,5.4,4.0,1309702588.83
2011-07-13 01:31:49.020,39.122,29.0335,5.0,4.2,1310520709.02
2011-07-17 19:51:50.130,39.1197,29.0955,9.5,4.1,1310932310.13
2011-07-19 21:16:52.700,39.119,29.0617,2.7,4.4,1311110212.7
2011-08-25 04:19:23.500,39.1672,29.1152,7.1,4.3,1314245963.5
2011-12-05 08:17:27.270,38.8522,26.344,10.3,5.0,1323073047.27
2011-12-05 08:30:25.030,38.8675,26.353,8.5,4.1,1323073825.03
2012-02-08 19:57:26.130,39.2327,27.8447,8.9,4.2,1328731046.13
2012-02-20 06:34:27.070,38.1355,27.485,9.1,4.4,1329719667.07
2012-02-24 01:00:04.560,39.6038,26.0218,7.4,4.0,1330045204.56
2012-03-23 12:37:52.760,39.5992,26.0453,7.3,4.0,1332506272.76
2012-04-16 10:10:46.600,39.1375,29.1312,5.3,4.8,1334571046.6
2012-04-16 10:11:09.810,39.1375,29.1507,6.1,4.7,1334571069.81
2012-04-16 12:19:02.940,39.1485,29.137,5.3,4.0,1334578742.94
2012-04-17 20:45:17.410,39.135,29.0965,6.4,4.3,1334695517.41
2012-04-19 19:52:41.550,39.1293,29.1467,2.9,4.6,1334865161.55
2012-04-20 16:39:16.090,39.1668,29.0878,6.6,4.2,1334939956.09
2012-04-23 16:14:37.160,39.1092,29.1397,5.4,4.2,1335197677.16
2012-04-26 22:05:34.370,39.135,29.0698,8.4,4.9,1335477934.37
2012-05-01 14:48:28.560,38.6603,26.6788,11.8,5.0,1335883708.56
2012-05-02 00:02:41.630,38.6465,26.6377,12.5,4.4,1335916961.63
2012-05-02 06:40:01.450,38.6592,26.673,11.7,4.5,1335940801.45
2012-05-02 06:48:23.640,38.667,26.6525,11.4,4.1,1335941303.64
2012-05-02 11:37:07.500,38.6668,26.6605,6.1,4.0,1335958627.5
2012-05-03 01:57:48.270,38.6565,26.6765,8.0,4.3,1336010268.27
2012-05-03 15:20:26.070,39.1758,29.0927,5.6,5.1,1336058426.07
2012-05-03 15:24:14.540,39.126,29.1718,5.0,4.0,1336058654.54
2012-05-03 15:25:27.380,39.0903,29.0798,4.4,4.2,1336058727.38
2012-05-03 16:16:04.280,39.1237,29.0737,2.6,4.4,1336061764.28
2012-05-03 17:10:10.010,39.1653,29.0925,6.8,4.4,1336065010.01
2012-05-03 21:45:17.350,39.1472,29.084,11.6,4.7,1336081517.35
2012-05-04 02:00:35.710,39.108,29.1292,8.7,4.5,1336096835.71
2012-05-09 17:49:31.650,39.1563,29.1435,5.9,4.4,1336585771.65
2012-06-11 03:49:03.360,39.1037,29.1445,4.9,4.0,1339386543.36
2012-06-13 06:40:31.720,39.11,29.1543,9.2,4.3,1339569631.72
2012-06-19 01:46:13.350,39.1432,29.152,10.5,4.9,1340070373.35
2012-07-04 08:45:28.690,39.9417,27.8422,12.8,4.4,1341391528.69
2012-08-03 10:18:20.150,38.6977,28.026,7.4,4.6,1343989100.15
2012-08-04 02:23:50.710,38.6822,28.0547,8.9,4.2,1344047030.71
2012-08-07 23:17:37.790,38.6957,28.0553,9.7,4.0,1344381457.79
2012-08-07 23:57:37.430,38.6867,28.0647,10.6,4.1,1344383857.43
2012-08-27 00:35:08.660,38.7527,26.0598,11.2,4.0,1346027708.66
2012-09-13 08:35:28.080,38.6855,27.7673,4.6,4.3,1347525328.08
2012-10-30 00:12:35.270,39.124,29.1338,13.0,4.0,1351555955.27
2013-05-29 14:43:31.640,39.1433,29.1003,4.0,4.4,1369838611.64
2013-07-24 20:51:24.160,38.984,26.1063,14.3,4.0,1374699084.16
2013-08-07 05:20:31.810,39.2002,29.4538,9.5,4.2,1375852831.81
2014-01-10 07:20:46.640,39.4637,27.9588,12.0,4.1,1389338446.64
2014-01-13 10:51:26.520,39.7833,26.1328,7.8,4.0,1389610286.52
2014-07-15 12:25:52.460,39.1767,29.0877,5.0,4.0,1405427152.46
2014-11-26 00:04:47.100,39.3357,29.0425,5.0,4.0,1416960287.1
2014-11-28 02:30:06.800,39.3465,29.0165,3.9,4.6,1417141806.8
2014-12-04 21:16:29.040,38.5947,26.1067,16.7,4.2,1417727789.04
2014-12-06 01:45:06.580,38.8917,26.2603,13.7,5.1,1417830306.58
2014-12-06 06:20:53.820,38.8912,26.2602,15.2,4.9,1417846853.82
2014-12-06 08:36:46.950,38.8937,26.2372,13.5,4.0,1417855006.95
2014-12-29 08:06:22.860,38.8912,26.2825,11.6,4.6,1419840382.86
2015-01-10 04:32:08.340,38.2128,27.051,14.4,4.1,1420864328.34
2015-01-19 22:59:51.480,39.3983,26.3338,13.4,4.2,1421708391.48
2015-07-06 01:03:47.420,38.2527,26.5805,20.3,4.1,1436144627.42
2015-09-03 08:23:19.650,39.1485,29.131,10.5,4.0,1441268599.65
2015-09-10 08:12:45.670,38.8395,26.2778,15.4,4.7,1441872765.67
2015-09-22 07:11:10.920,39.1495,29.1292,11.7,4.1,1442905870.92
2015-10-13 23:18:10.480,39.1407,29.0298,10.4,4.2,1444778290.48
2015-10-26 20:07:59.750,39.7903,26.2667,6.7,4.6,1445890079.75
2016-02-06 10:26:09.330,38.7768,27.788,6.2,4.0,1454754369.33
2016-04-06 13:50:20.980,38.5468,26.7237,18.0,4.0,1459950620.98
2016-04-27 17:11:24.010,38.9527,26.0237,8.2,4.0,1461777084.01
2016-06-05 20:26:19.160,38.6103,26.7007,16.4,4.2,1465158379.16
2016-07-02 23:14:07.700,38.7627,27.8018,11.4,4.0,1467501247.7
2016-07-03 18:05:42.550,38.7785,27.7923,12.3,4.1,1467569142.55
2016-09-12 08:26:04.270,38.8977,27.7433,14.0,5.0,1473668764.27
2016-09-12 09:29:37.310,38.8942,27.7323,13.1,4.6,1473672577.31
2016-09-12 10:05:35.620,38.8875,27.7205,10.5,4.0,1473674735.62
2016-10-09 06:21:00.240,39.008,27.7198,12.7,4.0,1475994060.24
2016-10-15 02:49:15.190,38.927,27.7177,11.7,4.3,1476499755.19
2016-10-15 02:51:03.430,38.9393,27.706,8.4,4.4,1476499863.43
2017-01-14 22:38:59.390,39.5455,26.1235,10.6,4.7,1484433539.39
2017-01-15 04:03:19.530,39.5482,26.13,11.6,4.2,1484452999.53
2017-01-30 06:56:16.700,39.596,26.4243,8.3,4.0,1485759376.7
2017-02-06 03:51:39.800,39.5453,26.1087,11.0,5.2,1486353099.8
2017-02-06 04:17:28.740,39.5413,26.1015,11.7,4.1,1486354648.74
2017-02-06 10:58:01.230,39.5248,26.0997,13.9,5.1,1486378681.23
2017-02-06 11:45:00.870,39.5313,26.0938,12.6,4.3,1486381500.87
2017-02-07 02:24:02.900,39.5235,26.1242,12.7,5.2,1486434242.9
2017-02-07 05:15:50.570,39.5253,26.147,11.6,4.3,1486444550.57
2017-02-07 05:17:08.170,39.5365,26.1643,5.4,4.5,1486444628.17
2017-02-07 21:00:53.630,39.5307,26.1503,11.4,4.3,1486501253.63
2017-02-07 21:34:59.110,39.5352,26.1443,8.7,4.1,1486503299.11
2017-02-07 22:53:28.920,39.5177,26.066,15.6,4.1,1486508008.92
2017-02-08 01:38:03.230,39.531,26.1428,10.4,4.5,1486517883.23
2017-02-08 02:16:13.610,39.5358,26.1395,10.6,4.1,1486520173.61
2017-02-09 10:13:10.200,39.5422,26.0665,11.7,4.1,1486635190.2
2017-02-10 08:55:25.260,39.5182,26.1488,11.3,4.7,1486716925.26
2017-02-11 22:01:13.570,39.5555,26.1283,9.2,4.0,1486850473.57
2017-02-12 12:14:49.160,39.5463,26.0593,10.5,4.0,1486901689.16
2017-02-12 13:48:15.210,39.4997,26.1167,13.3,5.2,1486907295.21
2017-02-16 00:18:59.870,39.5205,26.0547,13.7,4.5,1487204339.87
2017-02-23 01:55:13.660,39.561,26.094,7.9,4.3,1487814913.66
2017-02-28 23:27:33.410,39.4847,26.0637,11.2,4.5,1488324453.41
2017-03-20 07:00:17.920,39.5477,26.1113,4.3,4.2,1489993217.92
2017-03-24 15:19:05.710,39.549,26.0973,11.7,4.1,1490368745.71
2017-04-02 05:32:42.410,38.643,27.569,9.5,4.2,1491111162.41
2017-04-04 13:00:38.130,38.612,27.6017,4.0,4.1,1491310838.13
2017-04-05 22:08:11.080,38.6252,27.5725,10.6,4.1,1491430091.08
2017-04-19 11:23:11.910,38.5868,27.6847,2.1,4.2,1492600991.91
2017-04-19 11:24:58.670,38.6472,27.5972,5.0,4.0,1492601098.67
2017-04-19 16:44:39.410,38.6267,27.5952,4.9,4.0,1492620279.41
2017-04-20 14:11:24.920,39.4107,28.4542,6.4,4.2,1492697484.92
2017-04-21 13:09:20.590,38.8003,29.0565,7.2,4.9,1492780160.59
2017-04-21 14:12:20.960,38.6513,27.6008,13.1,4.9,1492783940.96
2017-05-27 15:53:23.180,38.739,27.8297,11.8,5.1,1495900403.18
2017-05-28 02:14:58.750,38.733,27.7947,10.1,4.4,1495937698.75
2017-05-28 02:16:41.130,38.7505,27.8447,7.8,4.4,1495937801.13
2017-05-28 02:50:25.590,38.72,27.7845,9.4,4.8,1495939825.59
2017-05-28 02:52:55.500,38.7425,27.793,10.9,4.9,1495939975.5
2017-05-28 03:02:00.360,38.6902,27.7908,7.2,4.1,1495940520.36
2017-05-28 04:38:19.480,38.7375,27.7935,10.6,4.5,1495946299.48
2017-05-28 07:34:01.180,38.7462,27.7828,6.0,4.3,1495956841.18
2017-05-28 08:49:47.630,38.7598,27.8038,8.3,4.3,1495961387.63
2017-05-28 11:04:58.570,38.7272,27.7738,8.7,4.9,1495969498.57
2017-06-12 12:28:37.530,38.8468,26.3252,14.4,6.1,1497270517.53
2017-06-12 12:31:39.980,38.969,26.1517,13.9,4.3,1497270699.98
2017-06-12 14:19:46.880,38.8498,26.3388,15.3,4.2,1497277186.88
2017-06-12 15:25:02.180,38.8797,26.2488,16.8,4.0,1497281102.18
2017-06-12 16:30:14.910,38.8327,26.336,9.6,4.1,1497285014.91
2017-06-12 18:25:41.520,38.8965,26.1522,24.1,4.0,1497291941.52
2017-06-12 18:29:28.030,38.8237,26.3188,11.2,4.0,1497292168.03
2017-06-13 03:19:57.800,38.8388,26.3982,10.2,4.1,1497323997.8
2017-06-14 04:35:54.160,38.8483,26.3423,15.7,4.0,1497414954.16
2017-06-16 09:46:17.870,38.2672,26.4415,7.8,4.1,1497606377.87
2017-06-16 13:25:49.600,38.7977,26.4152,5.0,4.2,1497619549.6
2017-06-17 03:40:36.850,38.9183,26.2433,12.7,4.6,1497670836.85
2017-06-17 19:33:32.460,38.837,26.4623,14.0,4.3,1497728012.46
2017-06-17 19:50:04.470,38.8508,26.4465,12.7,5.4,1497729004.47
2017-06-22 02:48:52.400,38.8265,26.4687,15.0,4.8,1498099732.4
2017-06-22 08:56:33.660,38.6553,27.5265,11.3,4.1,1498121793.66
2017-07-05 07:26:05.220,38.6315,27.5883,11.0,4.2,1499239565.22
2017-08-05 03:20:51.500,38.953,26.6202,10.7,4.4,1501903251.5
2017-08-13 08:51:47.150,38.7992,27.8048,8.5,4.1,1502614307.15
2017-09-09 11:39:19.400,38.922,26.6785,11.7,4.1,1504957159.4
2017-09-16 08:12:41.000,39.431,26.375,11.9,4.2,1505549561.0
2017-09-22 04:20:21.270,38.9563,26.2655,8.5,4.2,1506054021.27
2017-11-11 08:56:37.740,38.853,27.4698,17.5,4.1,1510390597.74
2017-11-19 09:14:47.390,38.719,26.307,8.4,4.1,1511082887.39
2017-12-25 05:13:50.000,38.575,26.7358,17.5,4.6,1514178830.0
2018-01-14 11:56:17.800,39.5605,26.0097,7.0,4.0,1515930977.8
2018-05-03 02:04:33.410,39.9797,26.9243,12.7,4.2,1525313073.41
2018-06-27 01:00:48.470,38.8283,26.4058,11.8,4.1,1530061248.47
2018-09-06 23:53:33.630,38.9013,26.4308,13.3,4.0,1536278013.63
2018-09-07 22:34:34.690,38.8923,26.4433,11.0,4.0,1536359674.69
2018-10-28 08:15:35.510,38.2008,26.8557,14.5,4.0,1540714535.51
2018-11-07 10:38:14.490,38.7807,26.5138,11.6,4.0,1541587094.49
2019-01-25 20:20:33.900,38.5823,27.1012,16.0,4.1,1548447633.9
2019-01-27 03:15:41.200,39.0222,27.7567,12.8,4.1,1548558941.2
2019-02-20 18:23:27.940,39.6173,26.4088,8.2,5.0,1550687007.94
2019-04-29 18:02:43.270,39.3995,26.3192,11.6,4.3,1556560963.27
2019-05-12 22:24:08.580,39.3307,27.9223,7.7,4.5,1557699848.58
2019-08-08 08:39:07.640,38.0182,26.8568,12.9,4.8,1565253547.64
2019-12-10 20:14:02.710,39.4452,27.9245,9.2,4.8,1576008842.71
2019-12-10 20:24:04.930,39.45,27.918,9.9,4.3,1576009444.93
2019-12-10 20:46:18.060,39.4522,27.915,8.7,4.1,1576010778.06
2020-01-22 14:46:30.880,38.8637,27.289,8.9,4.0,1579704390.88
2020-01-22 19:22:15.700,39.0577,27.839,12.2,5.6,1579720935.7
2020-01-22 19:25:13.240,39.0737,27.8413,12.7,4.4,1579721113.24
2020-01-22 20:17:38.500,39.0642,27.8477,11.6,4.3,1579724258.5
2020-01-22 21:30:10.720,39.0392,27.8405,9.6,4.0,1579728610.72
2020-01-22 21:52:05.210,39.0657,27.8598,13.9,4.0,1579729925.21
2020-01-22 22:39:18.050,39.0292,27.855,12.5,4.2,1579732758.05
2020-01-23 00:45:22.930,39.04,27.8467,10.2,4.3,1579740322.93
2020-01-24 03:04:38.370,39.025,27.8748,6.6,4.0,1579835078.37
2020-01-25 17:49:47.510,39.0388,27.8338,13.2,4.1,1579974587.51
2020-01-28 11:26:13.610,39.1045,27.8383,13.6,5.1,1580210773.61
2020-01-28 14:53:50.800,39.0925,27.838,13.7,4.2,1580223230.8
2020-01-28 20:10:26.620,39.0155,27.8498,10.6,4.5,1580242226.62
2020-02-02 00:23:47.340,38.999,27.8562,15.4,4.7,1580603027.34
2020-02-02 03:25:41.980,39.0785,27.8242,13.7,4.0,1580613941.98
2020-02-02 11:36:40.070,39.0885,27.8662,13.7,4.2,1580643400.07
2020-02-03 21:18:03.920,38.9997,27.8522,9.9,4.0,1580764683.92
2020-02-04 01:27:28.780,38.996,27.8625,6.6,4.0,1580779648.78
2020-02-04 08:43:15.480,38.9827,27.8703,10.2,4.0,1580805795.48
2020-02-04 16:47:09.260,38.9922,27.8615,10.5,4.1,1580834829.26
2020-02-04 17:55:23.370,38.9793,27.8397,9.4,4.7,1580838923.37
2020-02-08 05:39:30.720,38.9965,27.8518,9.0,4.0,1581140370.72
2020-02-18 16:09:22.340,39.106,27.8257,13.0,5.1,1582042162.34
2020-02-18 16:45:18.090,39.106,27.8155,8.8,4.0,1582044318.09
2020-02-18 21:23:09.000,39.1088,27.803,12.7,4.3,1582060989.0
2020-02-23 12:40:17.430,38.9957,27.875,11.5,4.5,1582461617.43
2020-02-24 02:43:33.350,38.9907,27.8767,10.4,5.0,1582512213.35
2020-03-29 05:56:39.210,39.0143,27.8327,10.7,4.1,1585461399.21
2020-04-16 02:49:09.100,39.0948,27.8187,13.0,4.4,1587005349.1
2020-04-19 08:32:02.100,39.1043,27.8005,7.8,4.2,1587285122.1
2020-05-29 05:40:08.400,39.0987,27.7783,7.9,4.1,1590730808.4
2020-06-26 07:21:12.180,38.7885,27.7937,10.9,5.2,1593156072.18
2020-07-16 18:09:25.980,38.4037,26.685,18.4,4.4,1594922965.98
2021-02-01 05:03:23.870,38.9748,26.0442,8.1,4.1,1612155803.87
2021-02-01 05:46:51.810,38.9535,26.0643,13.7,4.9,1612158411.81
2021-02-01 05:47:52.920,38.9773,26.0743,5.0,4.9,1612158472.92
2021-02-01 06:00:04.590,38.9557,26.0568,11.0,4.6,1612159204.59
2021-02-01 06:34:10.740,38.9638,26.0427,6.7,4.0,1612161250.74
2021-02-01 08:35:16.640,38.9607,26.0202,13.7,5.2,1612168516.64
2021-02-01 13:10:15.060,38.9488,26.061,10.0,4.7,1612185015.06
2021-02-01 20:46:15.200,38.9765,26.044,13.5,4.7,1612212375.2
2021-02-06 16:09:14.980,38.9412,26.0557,9.2,4.2,1612627754.98
2021-02-06 18:22:47.620,38.9428,26.0568,8.7,4.1,1612635767.62
